"","genesymbol","geneid","ginumber","NA"
"1","TNFSF6",356,4557328,"UACCAGUGCUGAUCAUUUA"
"2","TNFSF6",356,4557328,"CAACGUAUCUGAGCUCUCU"
"3","TNFSF6",356,4557328,"GCCCUUCAAUUACCCAUAU"
"4","TNFSF6",356,4557328,"GGAAAGUGGCCCAUUUAAC"
"5","AREG",374,22035683,"UGAUAACGAACCACAAAUA"
"6","AREG",374,22035683,"UGAGUGAAAUGCCUUCUAG"
"7","AREG",374,22035683,"GUUAUUACAGUCCAGCUUA"
"8","AREG",374,22035683,"GAAAGAAACUUCGACAAGA"
"9","CCND1",595,77628152,"ACAACUUCCUGUCCUACUA"
"10","CCND1",595,77628152,"GUUCGUGGCCUCUAAGAUG"
"11","CCND1",595,77628152,"GCAUGUAGUCACUUUAUAA"
"12","CCND1",595,77628152,"GCGUGUAGCUAUGGAAGUU"
"13","BMP1",649,5902810,"GCUAUAUUGUGUUCACCUA"
"14","BMP1",649,5902810,"GCAUUACGCUCGGAACACA"
"15","BMP1",649,5902810,"GGACUAUGGCCACAUUCAA"
"16","BMP1",649,5902810,"UGACGGGUCCAUUAACAAA"
"17","BMP2",650,80861484,"CGACAGAACUCAGUGCUAU"
"18","BMP2",650,80861484,"CCAGGUUGGUGAAUCAGAA"
"19","BMP2",650,80861484,"CGCCUUAAGUCCAGCUGUA"
"20","BMP2",650,80861484,"GAUGCAAGAUGCUUUAGGA"
"21","BMP3",651,4557370,"UGACAUCGCUAACCAAGUC"
"22","BMP3",651,4557370,"CAAAUGGGAUAGCCACAUC"
"23","BMP3",651,4557370,"GGAUUGAACCUCGGAAUUG"
"24","BMP3",651,4557370,"GUCUUGCGCUUGCAGAUAA"
"25","BMP4",652,19528651,"GAGCCAUGCUAGUUUGAUA"
"26","BMP4",652,19528651,"UAGCAAGAGUGCCGUCAUU"
"27","BMP4",652,19528651,"CGACACUUCUGCAGAUGUU"
"28","BMP4",652,19528651,"CAGGAUUAGCCGAUCGUUA"
"29","BMP5",653,24797149,"GAUUAUAGCACCAGAAGGA"
"30","BMP5",653,24797149,"GAGCAACAACCGAUUUGAA"
"31","BMP5",653,24797149,"GGACGCAGUAUCAACGUAA"
"32","BMP5",653,24797149,"CCACGAAAGACGGGAAAUA"
"33","BMP6",654,4809281,"GCAGAGACGGCCCUUACGA"
"34","BMP6",654,4809281,"GGAUGCCACUAACUCGAAA"
"35","BMP6",654,4809281,"GGAAUAUGGUUGUAAGAGC"
"36","BMP6",654,4809281,"CGUAAUCGCUCUACCCAGU"
"37","BMP7",655,4502426,"GAGGUGCACUCGAGCUUCA"
"38","BMP7",655,4502426,"CAUCGAGAGUUCCGGUUUG"
"39","BMP7",655,4502426,"GAUCAGCGUUUAUCAGGUG"
"40","BMP7",655,4502426,"GCACAACUCGGCACCCAUG"
"41","BMP8B",656,50962825,"CAGAUAUGAUGUAAAGUGA"
"42","BMP8B",656,50962825,"GUAGGUGGCUUCCUUAUCU"
"43","BMP8B",656,50962825,"GAAGCAGAGUUGGCACAUA"
"44","BMP8B",656,50962825,"GCAUUUAUCUUCCCUUGUC"
"45","C5",727,38016946,"GAAGAAAUGUUGUUACGAU"
"46","C5",727,38016946,"GAGAGAAGCUUUGGUUAAA"
"47","C5",727,38016946,"GAGAACAGAUCCAAUUGAA"
"48","C5",727,38016946,"GCACAAAGUCCUCCAAAUG"
"49","CCNA2",890,16950653,"GGAAAUGGAGGUUAAAUGU"
"50","CCNA2",890,16950653,"UAGCAGAGUUUGUGUACAU"
"51","CCNA2",890,16950653,"AUGAGGAUAUUCACACAUA"
"52","CCNA2",890,16950653,"UGAUAGAUGCUGACCCAUA"
"53","CCNB1",891,34304372,"CAACAUUACCUGUCAUAUA"
"54","CCNB1",891,34304372,"UGCACUAGUUCAAGAUUUA"
"55","CCNB1",891,34304372,"GAAUGUAGUCAUGGUAAAU"
"56","CCNB1",891,34304372,"CUAAUUGACUGGCUAGUAC"
"57","CCNC",892,61676092,"GAUUGUUGCUUGAUAGUGU"
"58","CCNC",892,61676092,"ACAUGUAGCCUGUGUUGUA"
"59","CCNC",892,61676092,"GGAUAGUGAAUGAUACCUA"
"60","CCNC",892,61676092,"GAAGUCAGAACUCUAGCUA"
"61","CCND2",894,16950656,"GAUCGCAACUGGAAGUGUG"
"62","CCND2",894,16950656,"UGACUGAGCUGCUGGCUAA"
"63","CCND2",894,16950656,"GCUCAGACCUUCAUUGCUC"
"64","CCND2",894,16950656,"UCUCAAAGCUUGCCAGGAG"
"65","CCND3",896,16950657,"GGACCUGGCUGCUGUGAUU"
"66","CCND3",896,16950657,"UGCGGAAGAUGCUGGCUUA"
"67","CCND3",896,16950657,"GAGCUGCUGUGUUGCGAAG"
"68","CCND3",896,16950657,"GAUCGAAGCUGCACUCAGG"
"69","CCNE1",898,17318560,"GUACUGAGCUGGGCAAAUA"
"70","CCNE1",898,17318560,"UGUCCUGGCUGAAUGUAUA"
"71","CCNE1",898,17318560,"GGACAAUAAUGCAGUCUGU"
"72","CCNE1",898,17318560,"GGAGGUGUGUGAAGUCUAU"
"73","CCNF",899,4502620,"CCAGUUGUGUGCUGCAUUA"
"74","CCNF",899,4502620,"UAGCCUACCUCUACAAUGA"
"75","CCNF",899,4502620,"GCACCCGGUUUAUCAGUAA"
"76","CCNF",899,4502620,"GACAAGCGCUAUGGAGAAA"
"77","CCNT1",904,17978465,"UAGUAUACAUGCAUCGAUU"
"78","CCNT1",904,17978465,"GAACAAACGUCCUGGUGAU"
"79","CCNT1",904,17978465,"CAAGCAACUUAGCACAUAA"
"80","CCNT1",904,17978465,"GCCCAUAGAGGGUUCAGAA"
"81","CCNT2",905,17978467,"CAUUCAAGCCCACAUAUUA"
"82","CCNT2",905,17978467,"CAGAACAGCUAUAUUCACA"
"83","CCNT2",905,17978467,"ACACUGCGAUUGUUUAUAU"
"84","CCNT2",905,17978467,"CUCAAUGUCUCUCAGCUUA"
"85","CD28",940,5453610,"GACAAUGCGGUCAACCUUA"
"86","CD28",940,5453610,"GAAGUUAUGUAUCCUCCUC"
"87","CD28",940,5453610,"CCCAGCAGCUUCAGGUUUA"
"88","CD28",940,5453610,"UAACAGUGGCCUUUAUUAU"
"89","TNFSF8",944,24119162,"CGAAACACGUAUACCAGAA"
"90","TNFSF8",944,24119162,"CAAAUAAUUCUGUCGAUCU"
"91","TNFSF8",944,24119162,"GCAGCAAGCACUCAACGGA"
"92","TNFSF8",944,24119162,"GGAAUCUGGUGAUCCAAUU"
"93","TNFSF5",959,58331233,"GGAAACAGCUGACCGUUAA"
"94","TNFSF5",959,58331233,"GACAAGGACUCUAUUAUAU"
"95","TNFSF5",959,58331233,"GAGUCAAGCUCCAUUUAUA"
"96","TNFSF5",959,58331233,"CAUAGAAGGUUGGACAAGA"
"97","TNFSF7",970,24119161,"CACCAAGGUUGUACCAUUG"
"98","TNFSF7",970,24119161,"GCAUCUACAUGGUACACAU"
"99","TNFSF7",970,24119161,"GCAGCUGAAUCACACAGGA"
"100","TNFSF7",970,24119161,"UGACCACUGCUGCUGAUUA"
"101","CDC2",983,27886643,"GGUUAUAUCUCAUCUUUGA"
"102","CDC2",983,27886643,"UCGGGAAAUUUCUCUAUUA"
"103","CDC2",983,27886643,"GUAUAAGGGUAGACACAAA"
"104","CDC2",983,27886643,"CAAACGAAUUUCUGGCAAA"
"105","CDC5L",988,16357499,"CGAGACAAGUUAAACAUUA"
"106","CDC5L",988,16357499,"GAGAGGAGUUGAUUAUAAU"
"107","CDC5L",988,16357499,"CGAGGAAUCUGGCAUAACA"
"108","CDC5L",988,16357499,"GCUCUCAAGUGAAGCUUAU"
"109","CDC10",989,58535460,"GAAGCUCAACAACGUAUUU"
"110","CDC10",989,58535460,"UGAAUUCACGCUUAUGGUA"
"111","CDC10",989,58535460,"GGGAAGAUCUUUUAAACUC"
"112","CDC10",989,58535460,"UAUGAGAACUACAGAAGCA"
"113","CDC20",991,4557436,"CGGAAGACCUGCCGUUACA"
"114","CDC20",991,4557436,"GGGCCGAACUCCUGGCAAA"
"115","CDC20",991,4557436,"GAUCAAAGAGGGCAACUAC"
"116","CDC20",991,4557436,"CAGAACAGACUGAAAGUAC"
"117","CDC25A",993,42490759,"GGGCAGUGAUUAUGAGCAA"
"118","CDC25A",993,42490759,"UCAGGUUUCUGUCUAGAUU"
"119","CDC25A",993,42490759,"GCAAGCGUGUCAUUGUUGU"
"120","CDC25A",993,42490759,"CAUGACAUCUUUCAGCUCA"
"121","CDC25C",995,12408657,"GAAACUUGGUGGACAGUGA"
"122","CDC25C",995,12408657,"AGGAAGGGCUUAUGUUUAA"
"123","CDC25C",995,12408657,"GAGAGAGACACUUCCUUUA"
"124","CDC25C",995,12408657,"GGGCAAAUUUCUUGGUGAU"
"125","CDK3",1018,4557438,"GCAGAGAUGGUGACUCGAA"
"126","CDK3",1018,4557438,"GAGCAUUGGUUGCAUCUUU"
"127","CDK3",1018,4557438,"GAAGCUCUAUCUGGUGUUU"
"128","CDK3",1018,4557438,"GAAGAUCAGACUGGAUUUG"
"129","CDK5",1020,38454327,"UAUAAGCCCUAUCCGAUGU"
"130","CDK5",1020,38454327,"CCGGGAGACUCAUGAGAUC"
"131","CDK5",1020,38454327,"GGGCUGGGAUUCUGUCAUA"
"132","CDK5",1020,38454327,"GGAUUCCCGUCCGCUGUUA"
"133","CDK6",1021,45827787,"GCAAAGACCUACUUCUGAA"
"134","CDK6",1021,45827787,"UAACAGAUAUCGAUGAACU"
"135","CDK6",1021,45827787,"GAUAUGAUGUUUCAGCUUC"
"136","CDK6",1021,45827787,"GCACUAAUCAGCACACAUA"
"137","CDK7",1022,16950659,"CAUACAAGGCUUAUUCUUA"
"138","CDK7",1022,16950659,"AAACUGAUCUAGAGGUUAU"
"139","CDK7",1022,16950659,"CAACAUUGGAUCCUACAUA"
"140","CDK7",1022,16950659,"GAUGACUCUUCAAGGAUUA"
"141","CDK8",1024,4502744,"GGACAGAAUAUUCAAUGUA"
"142","CDK8",1024,4502744,"GAGCAAGGCAUUAUACCAA"
"143","CDK8",1024,4502744,"AGAAAUAGCAUUACUUCGA"
"144","CDK8",1024,4502744,"CGUCAGAACCAAUAUUUCA"
"145","CENPE",1062,71061467,"GAACUAAGAAGAAGCGUAU"
"146","CENPE",1062,71061467,"CAACAUGAAUCCAUCAAUA"
"147","CENPE",1062,71061467,"GAACAUAUAAGGCUAGAAA"
"148","CENPE",1062,71061467,"GAAAGAAGUGCUACCAUAU"
"149","CETN1",1068,4757973,"CGACGAAGCUGAUCGGGAU"
"150","CETN1",1068,4757973,"GCAAGAAGUUCGGGAAGCA"
"151","CETN1",1068,4757973,"CCGGGAAGAUCUCGUUCAA"
"152","CETN1",1068,4757973,"GAAGACCAGCCUUUACUGA"
"153","CETN2",1069,4757901,"GUGAGAACCUGACUGAUGA"
"154","CETN2",1069,4757901,"GAUGAAACUGGGAAGAUUU"
"155","CETN2",1069,4757901,"GCAUCAAGUUCUCAGCGAA"
"156","CETN2",1069,4757901,"CAAGAGUUCCUGCGCAUCA"
"157","CETN3",1070,46397402,"GGAAAGAGAUCCCCAUGAA"
"158","CETN3",1070,46397402,"ACUCAAGGCAUUUAAACUA"
"159","CETN3",1070,46397402,"UAUGACUGGUGACAUUUAA"
"160","CETN3",1070,46397402,"GAAAUAAACCAAGAGGAGU"
"161","CKS1B",1163,4502856,"CGACGAGGAGUUUGAGUAU"
"162","CKS1B",1163,4502856,"CAAAUUUACUAUUCGGACA"
"163","CKS1B",1163,4502856,"UCCAUUAUAUGAUCCAUGA"
"164","CKS1B",1163,4502856,"GGACAUAGCCAAGCUGGUC"
"165","CKS2",1164,4502858,"UCGACGAACACUACGAGUA"
"166","CKS2",1164,4502858,"CCAGAGAACUUUCCAAACA"
"167","CKS2",1164,4502858,"CCACAUAUUCUUCUCUUUA"
"168","CKS2",1164,4502858,"ACAAGCAGAUCUACUACUC"
"169","CNTF",1270,25952136,"GCCAUUAUAUUGCUAACAA"
"170","CNTF",1270,25952136,"UGACUGCUCUUACGGAAUC"
"171","CNTF",1270,25952136,"GCAAUGAGGCUGAUGGGAU"
"172","CNTF",1270,25952136,"ACAGUAAGGUCCAUCCAUG"
"173","CSF1",1435,27262662,"UCGGAGGCCUCUUGUUCUA"
"174","CSF1",1435,27262662,"GACAAGGACUGGAAUAUUU"
"175","CSF1",1435,27262662,"UGAAAGAUCCAGUGUGCUA"
"176","CSF1",1435,27262662,"ACCAUGCGCUUCAGAGAUA"
"177","CSF2",1437,27437029,"GAAUGAAACAGUAGAAGUC"
"178","CSF2",1437,27437029,"AAGAGAACCUGAAGGACUU"
"179","CSF2",1437,27437029,"GAACCUGAGUAGAGACACU"
"180","CSF2",1437,27437029,"CAGAAAUGUUUGACCUCCA"
"181","CSF2RA",1438,27437039,"GGAUUAACGUCUCGCAAUU"
"182","CSF2RA",1438,27437039,"CGUGAAUACUAGUCAAAGA"
"183","CSF2RA",1438,27437039,"GAAAUCGGAUCUGCGAACA"
"184","CSF2RA",1438,27437039,"GAGAUCCGGUGUCCUUAUU"
"185","CSF2RB",1439,4559407,"GCAGCAAGUGGGCGACUAU"
"186","CSF2RB",1439,4559407,"GGAGUGGCCUCUGGUUAUG"
"187","CSF2RB",1439,4559407,"CAAUACAUCGUCUCUGUUC"
"188","CSF2RB",1439,4559407,"GUCAUUCCCUGCCAGAGUU"
"189","CSF3",1440,27437048,"GCUUAGAGCAAGUGAGGAA"
"190","CSF3",1440,27437048,"CCAACUCCAUAGCGGCCUU"
"191","CSF3",1440,27437048,"GGAGGUGUCGUACCGCGUU"
"192","CSF3",1440,27437048,"GGAGGUAGAUAGGUAAAUA"
"193","CSF3R",1441,27437044,"GCACAUAAAUCAGAAGUGU"
"194","CSF3R",1441,27437044,"GAUCCAAGGUUAUGUGGUU"
"195","CSF3R",1441,27437044,"CAGGCGAUCUGCAUACUUU"
"196","CSF3R",1441,27437044,"CAACCACACUCAGGCCUUU"
"197","CTF1",1489,40788012,"GGCCAAGAUCCGUCAGACA"
"198","CTF1",1489,40788012,"CGCACCUCCUCACCAAAUA"
"199","CTF1",1489,40788012,"GCAGCUGCUCCAGGAAUAU"
"200","CTF1",1489,40788012,"AAACAAGCAACACCUUAAA"
"201","CX3CR1",1524,68348719,"UGGAGACGCUUAAGCUCUA"
"202","CX3CR1",1524,68348719,"GCUCAGUCCACGUUGAUUU"
"203","CX3CR1",1524,68348719,"UUACUUACCACACGAGUGA"
"204","CX3CR1",1524,68348719,"GAGCAGGCAUGGAAGUGUU"
"205","CXADR",1525,45827793,"UCAAAUAAAGCUGGACUAA"
"206","CXADR",1525,45827793,"GCUCAUUGGUCUUAUCAUC"
"207","CXADR",1525,45827793,"GCCAGAAGUUUGAGUAUCA"
"208","CXADR",1525,45827793,"GAACUUUGCUUGCUCUAGC"
"209","DIAPH2",1730,6382070,"GAAGAUACUCAACGAAUUA"
"210","DIAPH2",1730,6382070,"GAAAUAACAGGGAACGAUU"
"211","DIAPH2",1730,6382070,"GAUCAGAGAUACUAAAUCA"
"212","DIAPH2",1730,6382070,"CGAUUUAACUCAUCUGAUA"
"213","SEPT1",1731,22209006,"GGGUUUGACUUCACGCUAA"
"214","SEPT1",1731,22209006,"GGGCAGUACACGAGAAAGU"
"215","SEPT1",1731,22209006,"GAACCCACAUCACUGCGAU"
"216","SEPT1",1731,22209006,"UGAAAGAGGUGACGCACGA"
"217","ECGF1",1890,7669488,"GGACAAGCAUUCCACAGGG"
"218","ECGF1",1890,7669488,"CAGCCUCCAUUCUCAGUAA"
"219","ECGF1",1890,7669488,"GCAUGUGGCUGCAAGGUGC"
"220","ECGF1",1890,7669488,"GAGCGAAGCGGACAUCAGG"
"221","ED1",1896,54112112,"UGGCACCUCUGGCACCCUA"
"222","ED1",1896,54112112,"UAGAGUUGCGCUCGGAGUU"
"223","ED1",1896,54112112,"AAGCCGCACUCCACUCUGA"
"224","ED1",1896,54112112,"UCACCUAAGCAGCAGCCAU"
"225","EPO",2056,62240996,"GAACACUGCAGCUUGAAUG"
"226","EPO",2056,62240996,"CCAAGGAGGCCGAGAAUAU"
"227","EPO",2056,62240996,"GCCGAGUCCUGGAGAGGUA"
"228","EPO",2056,62240996,"GCACGAAUGUCCUGCCUGG"
"229","ERBB2",2064,54792095,"UGGAAGAGAUCACAGGUUA"
"230","ERBB2",2064,54792095,"GAGACCCGCUGAACAAUAC"
"231","ERBB2",2064,54792095,"GGAGGAAUGCCGAGUACUG"
"232","ERBB2",2064,54792095,"GCUCAUCGCUCACAACCAA"
"233","F3",2152,10518499,"GUACAGACAGCCCGGUAGA"
"234","F3",2152,10518499,"UCAAUCAAGUCUACACUGU"
"235","F3",2152,10518499,"GGCAAGGACUUAAUUUAUA"
"236","F3",2152,10518499,"GAAUGUGACCGUAGAAGAU"
"237","FGF10",2255,4758359,"GGAGAUAACAUCAGUAGAA"
"238","FGF10",2255,4758359,"CAAUGGUGGUACACUCAUA"
"239","FGF10",2255,4758359,"CGGAGUUGUUGCCGUCAAA"
"240","FGF10",2255,4758359,"GAAGGCAUGUGCGGAGCUA"
"241","FIGF",2277,19924297,"GGAAGAGUACCAACACAUU"
"242","FIGF",2277,19924297,"UGGGAUAGCAACAAAUGUA"
"243","FIGF",2277,19924297,"GAAGAUCGCUGUUCCCAUU"
"244","FIGF",2277,19924297,"GAUCAUCUCAGUCCACAUU"
"245","FLT3LG",2323,38455415,"ACUACCUGCUUCAAGAUUA"
"246","FLT3LG",2323,38455415,"GAACACGGAGAUACACUUU"
"247","FLT3LG",2323,38455415,"CGACUUCGCUGUCAAAAUC"
"248","FLT3LG",2323,38455415,"GGAUCACUCGCCAGAACUU"
"249","GDF1",2657,11641419,"GGAAACAUCGUGCGCCACA"
"250","GDF1",2657,11641419,"GGUCAUGUGGCGCCUGUUU"
"251","GDF1",2657,11641419,"CCAACUACUGCCAGGGUCA"
"252","GDF1",2657,11641419,"GCUCUAGGACUGCGCGAUG"
"253","GDF2",2658,7705307,"AAGGAAGCGUGGUCAUUUA"
"254","GDF2",2658,7705307,"GUAUGAAGCCUACGAGUGU"
"255","GDF2",2658,7705307,"ACAGGUACACGUCCGAUAA"
"256","GDF2",2658,7705307,"CUACAGAGACCAAGACCUU"
"257","GDF8",2660,4885258,"GCAUGUACUUGGAGACAAA"
"258","GDF8",2660,4885258,"UCAAACAACCUGAAUCCAA"
"259","GDF8",2660,4885258,"GCCCAACUAUGGAUAUAUU"
"260","GDF8",2660,4885258,"ACAAAGAUGUCUCCAAUUA"
"261","GDF9",2661,6715598,"GCUCAAUUGCCUAUAAAGA"
"262","GDF9",2661,6715598,"CAAAGUGCACCUGUCGUUA"
"263","GDF9",2661,6715598,"GUACAACCCUCGAUACUGU"
"264","GDF9",2661,6715598,"GCCAAGACCGUCAUGUGUA"
"265","GDF10",2662,11641417,"CAACCUGACUUCCAUGCAA"
"266","GDF10",2662,11641417,"GAAAUGAUCCUUACGGCCA"
"267","GDF10",2662,11641417,"GCAGACAUCGGCUGGAAUG"
"268","GDF10",2662,11641417,"GAUAAGAUGAACUCCCUUG"
"269","GPI",2821,18201904,"UCACGACGCUUCUACCAAU"
"270","GPI",2821,18201904,"GAGCCUUGGUCGCCAUGUA"
"271","GPI",2821,18201904,"GAUGUUCAAUGGUGAGAAG"
"272","GPI",2821,18201904,"GGAGGACGCUACUCGCUGU"
"273","CXCR3",2833,4504098,"UCAUGGACCUGGGCGCUUU"
"274","CXCR3",2833,4504098,"CCGCAACUGUGGCCGAGAA"
"275","CXCR3",2833,4504098,"GCUAAAUGACGCCGAGGUU"
"276","CXCR3",2833,4504098,"CCACCUAGCUGUAGCAGAC"
"277","GRN",2896,60498994,"GUAAGUGCCUCUCCAAGGA"
"278","GRN",2896,60498994,"CCACAACACUGAGCAGGCA"
"279","GRN",2896,60498994,"GGGCGAUCCUGCUUCCAAA"
"280","GRN",2896,60498994,"GAAGAGAGAUGUCCCCUGU"
"281","CXCL1",2919,4504152,"GAUGCUGAACAGUGACAAA"
"282","CXCL1",2919,4504152,"CGGAAAGCUUGCCUCAAUC"
"283","CXCL1",2919,4504152,"UUACAGUGUUUCUGGCUUA"
"284","CXCL1",2919,4504152,"GCUGGCGGAUCCAAGCAAA"
"285","CXCL2",2920,4504154,"CCGCAUCGCCCAUGGUUAA"
"286","CXCL2",2920,4504154,"GAGCAGAGAGGUUUCGAUA"
"287","CXCL2",2920,4504154,"GAUAGAAGGUUUGCAGAUA"
"288","CXCL2",2920,4504154,"CUAAAUAUCCCUUGGCAUU"
"289","CXCL3",2921,54144649,"CCAACUGACAGGAGAGAAG"
"290","CXCL3",2921,54144649,"UCCAAAGUGUGAAUGUAAG"
"291","CXCL3",2921,54144649,"GGGAGACCAUAAUGUGUCA"
"292","CXCL3",2921,54144649,"UACGAGGGUUCUACUUAUU"
"293","IFNA2",3440,11067750,"GAAAGUUUAAGAAGUAAGG"
"294","IFNA2",3440,11067750,"GCAACCUGAUUACAGAAUA"
"295","IFNA2",3440,11067750,"GACCAUGACACGAUUUAAA"
"296","IFNA2",3440,11067750,"CAUGCUGACUGAUCCAUUA"
"297","IFNA4",3441,10835102,"GGGAACAGAGCCUCCUAGA"
"298","IFNA4",3441,10835102,"AUGCUGAUGUCUCUGUUCA"
"299","IFNA4",3441,10835102,"GUGUAUACCUUGCAGGCAC"
"300","IFNA4",3441,10835102,"GAUCCUGAUUGACUAAUAC"
"301","IFNA5",3442,4504596,"ACACUCCUCUGAUGAAUGU"
"302","IFNA5",3442,4504596,"CAACUGCAAGUCAAUCUGU"
"303","IFNA5",3442,4504596,"GAUAAUGGCACAAAUGGGA"
"304","IFNA5",3442,4504596,"GCAGGAGGUUGGAGUGGAA"
"305","IFNA6",3443,11128014,"ACUCUAUACUGAACUUUAC"
"306","IFNA6",3443,11128014,"UCACAGGAGGACCAUGAUG"
"307","IFNA6",3443,11128014,"AGACAUGACUUCAGAUUUC"
"308","IFNA6",3443,11128014,"GAUGAGAGGCUUCUAGACA"
"309","IFNA7",3444,71143134,"GGCCACCAGUUCCAGAAGA"
"310","IFNA7",3444,71143134,"CCUGAUGAAUGAGGACUUC"
"311","IFNA7",3444,71143134,"UAAUGGAGAAGAAAUACAG"
"312","IFNA7",3444,71143134,"UUGAAGGACAGACAUGAAU"
"313","IFNA8",3445,42476082,"AAUGAGACCUGGUACAACA"
"314","IFNA8",3445,42476082,"GAUGAGACCCUUCUAGAUG"
"315","IFNA8",3445,42476082,"AAUUCUACAUCGAACUUGA"
"316","IFNA8",3445,42476082,"CGGAAAUGAUUCUUAUAGA"
"317","IFNA13",3447,13128965,"GGAAUAACACCUGGUCCAA"
"318","IFNA13",3447,13128965,"CAGAUCUUCAACCUCUUUA"
"319","IFNA13",3447,13128965,"AGACAAAUUCUGCACCGAA"
"320","IFNA13",3447,13128965,"GGAGAGGGUGGGAGAAACU"
"322","IFNA14",3448,4504590,"GCAUUGCCCUUUGCUUUAA"
"323","IFNA14",3448,4504590,"GAACUCAUCUGCUGCUUGG"
"324","IFNA14",3448,4504590,"GCUGUAAUCUGUCUCAAAC"
"325","IFNA14",3448,4504590,"UUAAGAAGCAUCGUGUUUA"
"326","IFNA16",3449,4504592,"CCUAGAAGCCUGUGUGACA"
"327","IFNA16",3449,4504592,"GGGAAGAAAUACAGCCCUU"
"328","IFNA16",3449,4504592,"GAAGAGAUUGCCCUGAUGA"
"329","IFNA16",3449,4504592,"GAUCCUCAUUGAUUAAUAC"
"330","IFNA17",3451,10880984,"UUUACCAGCAACUGAAUAA"
"331","IFNA17",3451,10880984,"GUGGUGAAUGUAACAAUAU"
"332","IFNA17",3451,10880984,"AUGCUGAUGUCUCUGUUCA"
"333","IFNA17",3451,10880984,"GAUCCUGAUUGACUAAUAC"
"334","IFNA21",3452,4504594,"AGGAAGGAAUGAAACCGUU"
"335","IFNA21",3452,4504594,"GAAAUGAUCUGUAUUGACU"
"336","IFNA21",3452,4504594,"AGACUCAUUUCUCCUAUAA"
"337","IFNA21",3452,4504594,"CACCAGUCCACACUUCUAU"
"338","IFNAR1",3454,46488931,"GCGAAAGUCUUCUUGAGAU"
"339","IFNAR1",3454,46488931,"UGAAACCACUGACUGUAUA"
"340","IFNAR1",3454,46488931,"GAAAAUUGGUGUCUAUAGU"
"341","IFNAR1",3454,46488931,"GAAGAUAAGGCAAUAGUGA"
"342","IFNAR2",3455,46488934,"CAGAGGGAAUUGUUAAGAA"
"343","IFNAR2",3455,46488934,"GAGUAAACCAGAAGAUUUG"
"344","IFNAR2",3455,46488934,"CACCAGAGUUUGAGAUUGU"
"345","IFNAR2",3455,46488934,"UCACCUAUAUCAUUGACAA"
"346","IFNB1",3456,50593016,"GGAAUGAGACUAUUGUUGA"
"347","IFNB1",3456,50593016,"AUGGGAGGAUUCUGCAUUA"
"348","IFNB1",3456,50593016,"CAACUUGCUUGGAUUCCUA"
"349","IFNB1",3456,50593016,"GCAUUGACCAUCUAUGAGA"
"350","IFNG",3458,56786137,"UCGAAAAGCUGACUAAUUA"
"351","IFNG",3458,56786137,"GGAGUCAGAUGCUGUUUCG"
"352","IFNG",3458,56786137,"CAACGCAAAGCAAUACAUG"
"353","IFNG",3458,56786137,"AUUCAGAUGUAGCGGAUAA"
"354","IFNGR1",3459,4557879,"ACAUGAACCCUAUCGUAUA"
"355","IFNGR1",3459,4557879,"CCGUAGAGGUAAAGAACUA"
"356","IFNGR1",3459,4557879,"CGAAACUACCUGUUACAUU"
"357","IFNGR1",3459,4557879,"GCUUUAAACUCGUAUCACU"
"358","IFNGR2",3460,47419933,"CAACAUAUCUUGCUACGAA"
"359","IFNGR2",3460,47419933,"AAAUAUAGAGGCCUGAUUA"
"360","IFNGR2",3460,47419933,"UUAAAUACACCGACAGUAA"
"361","IFNGR2",3460,47419933,"CCAAGCAUCCCAUUACAGA"
"362","IFNW1",3467,4504604,"CUAGUGAUGACCAGCUAUA"
"363","IFNW1",3467,4504604,"GUGUCUACCUGAAAGAGAA"
"364","IFNW1",3467,4504604,"UGAAAUCCUUGUUCUUAUC"
"365","IFNW1",3467,4504604,"UCAGAACCAUGGCCUACUU"
"366","IK",3550,11038650,"GUGAUGAGGAGGUGGAUUA"
"367","IK",3550,11038650,"CAUAUGAGCGGAAUGAGUU"
"368","IK",3550,11038650,"GAGGCUGACAUGAAUAUUU"
"369","IK",3550,11038650,"GCAGGGAACCCGUAACAAG"
"370","IL1A",3552,27894329,"CCUCACGGCUGCUGCAUUA"
"371","IL1A",3552,27894329,"GAUCAUCUGUCUCUGAAUC"
"372","IL1A",3552,27894329,"CAUGGGUGCUUAUAAGUCA"
"373","IL1A",3552,27894329,"GAAAUCAUCAAGCCUAGGU"
"374","IL1B",3553,27894305,"CGAUGCACCUGUACGAUCA"
"375","IL1B",3553,27894305,"GGUGAUGUCUGGUCCAUAU"
"376","IL1B",3553,27894305,"GAUGAUAAGCCCACUCUAC"
"377","IL1B",3553,27894305,"CAUGGGAUAACGAGGCUUA"
"378","IL1RN",3557,27894318,"AGAUAGAUGUGGUACCCAU"
"379","IL1RN",3557,27894318,"GCAAGGACCAAAUGUCAAU"
"380","IL1RN",3557,27894318,"UAACAUCACUGACCUGAGC"
"381","IL1RN",3557,27894318,"GAGGAACAACCAACUAGUU"
"382","IL2",3558,28178860,"UCAGCAAUAUCAACGUAAU"
"383","IL2",3558,28178860,"CCACAGAACUGAAACAUCU"
"384","IL2",3558,28178860,"UGAAUAUGCUGAUGAGACA"
"385","IL2",3558,28178860,"CUAAAGGGAUCUGAAACAA"
"386","IL2RB",3560,23238195,"GAACACUGAUGCCUACUUG"
"387","IL2RB",3560,23238195,"UGAGAUCUCGCCACUAGAA"
"388","IL2RB",3560,23238195,"GAAUGGAUCUGCCUGGAGA"
"389","IL2RB",3560,23238195,"CAACAUAAGCUGGGAAAUC"
"390","IL2RG",3561,4557881,"GGGCUGAACACGACAAUUC"
"391","IL2RG",3561,4557881,"GCUCAGCAUUGGAGUGAAU"
"392","IL2RG",3561,4557881,"GGUACAAGAACUCGGAUAA"
"393","IL2RG",3561,4557881,"GAACUGAACUGGAACAACA"
"394","IL3",3562,28416914,"GCAAUUGAGAGCAUUCUUA"
"395","IL3",3562,28416914,"GGAAACUGACGUUCUAUCU"
"396","IL3",3562,28416914,"GCUCUAACAUGAUCGAUGA"
"397","IL3",3562,28416914,"GGCCAAACCUGGAGGCAUU"
"398","IL3RA",3563,28416950,"CAGAUAAGUUUGUCGUCUU"
"399","IL3RA",3563,28416950,"UGUUAAAGACGCCGACUAU"
"400","IL3RA",3563,28416950,"GAAAUGUGACCGAUAUCGA"
"401","IL3RA",3563,28416950,"GAGCGCAGCCUUCGGUAUC"
"402","IL4",3565,27477091,"UAAAGACGAUCAUGAGAGA"
"403","IL4",3565,27477091,"AACCAGAGUACGUUGGAAA"
"404","IL4",3565,27477091,"GAACACAACUGAGAAGGAA"
"405","IL4",3565,27477091,"UCAAAGUGUUCGAGCUGAA"
"406","IL4R",3566,56788410,"GGUCAGUGCGGAUAACUAU"
"407","IL4R",3566,56788410,"GAAUCUAUAACGUGACCUA"
"408","IL4R",3566,56788410,"GAGCAUCUCUACUUGCGAG"
"409","IL4R",3566,56788410,"GUCAACAUUUGGAGUGAAA"
"410","IL5",3567,28559032,"GUAAACCAAUUCCUAGACU"
"411","IL5",3567,28559032,"GAAAUACAUUGACGGCCAA"
"412","IL5",3567,28559032,"CAACUGUGCACUGAAGAAA"
"413","IL5",3567,28559032,"GCACUGCUUUCUACUCAUC"
"414","IL6",3569,10834983,"CAAAUUCGGUACAUCCUCG"
"415","IL6",3569,10834983,"CAGAACAGAUUUGAGAGUA"
"416","IL6",3569,10834983,"UGAGAAAGGAGACAUGUAA"
"417","IL6",3569,10834983,"CCACUCACCUCUUCAGAAC"
"418","IL6R",3570,31317248,"GCUGAACGGUCAAAGACAU"
"419","IL6R",3570,31317248,"GGUUUGAGCUCAGAUAUCG"
"420","IL6R",3570,31317248,"CCACGACUCUGGAAACUAU"
"421","IL6R",3570,31317248,"CAGCAAAACUCAAACCUUU"
"422","IL7",3574,28610152,"UCAGAAGGCACAACAAUAC"
"423","IL7",3574,28610152,"GCAAUUGCCUGAAUAAUGA"
"424","IL7",3574,28610152,"AGACAUAUCUGUGAUGCUA"
"425","IL7",3574,28610152,"GGUCAGCAUCGAUCAAUUA"
"426","IL7R",3575,28610150,"CAAAUGGACGCAUGUGAAU"
"427","IL7R",3575,28610150,"GGAUUAAGCCUAUCGUAUG"
"428","IL7R",3575,28610150,"GAAUGGGCCUCAUGUGUAC"
"429","IL7R",3575,28610150,"CAGGGUCAGCCCAUUCUUA"
"430","IL8",3576,28610153,"GCAUAAAGACAUACUCCAA"
"431","IL8",3576,28610153,"GGACCACACUGCGCCAACA"
"432","IL8",3576,28610153,"GCCAAGGAGUGCUAAAGAA"
"433","IL8",3576,28610153,"UGAAGAGGGCUGAGAAUUC"
"434","IL9",3578,10834979,"AGACCAUGCUUCAGUGAGA"
"435","IL9",3578,10834979,"GCAACGCGCUGACAUUUCU"
"436","IL9",3578,10834979,"GAACAGCCAUGCAACCAAA"
"437","IL9",3578,10834979,"GAUGAGAGGCAAGAUAUGA"
"438","IL10",3586,24430216,"UUAAUAAGCUCCAAGAGAA"
"439","IL10",3586,24430216,"UGGAGGACUUUAAGGGUUA"
"440","IL10",3586,24430216,"UGUCUGAGAUGAUCCAGUU"
"441","IL10",3586,24430216,"CAACCUGCCUAACAUGCUU"
"442","IL10RA",3587,24430213,"GGAAGAAUCGCCCUUGACA"
"443","IL10RA",3587,24430213,"GGAGAUGCCUGGUUGAUGA"
"444","IL10RA",3587,24430213,"GGAAUAGAGUCCUGGAACU"
"445","IL10RA",3587,24430213,"UGACAGUGGCAUUGACUUA"
"446","IL11",3589,24430217,"UGACAAGGCUGCGAGCGGA"
"447","IL11",3589,24430217,"GAACUGUGUUUGCCGCCUG"
"448","IL11",3589,24430217,"GCACAGCUGAGGGACAAAU"
"449","IL11",3589,24430217,"CCAUAGGUCUUCAAUAAAU"
"450","IL11RA",3590,22212921,"GCACUGGGACCAUACCAAA"
"451","IL11RA",3590,22212921,"UAGCUGUGCUGGCGUCUUU"
"452","IL11RA",3590,22212921,"GCCAGUACCGGAUUAAUGU"
"453","IL11RA",3590,22212921,"CAGCCAGAUCAGCGGUUUA"
"454","IL12B",3593,24497437,"GAUGCGAGGCCAAGAAUUA"
"455","IL12B",3593,24497437,"UCACAAAGGAGGCGAGGUU"
"456","IL12B",3593,24497437,"ACAACAAGGAGUAUGAGUA"
"457","IL12B",3593,24497437,"GAAUUUGGUCCACUGAUAU"
"458","IL13",3596,26787977,"GGUCUCAGCUGGGCAGUUU"
"459","IL13",3596,26787977,"GUAUGGAGCAUCAACCUGA"
"460","IL13",3596,26787977,"GGUCAUUGCUCUCACUUGC"
"461","IL13",3596,26787977,"UGUAAAGGACCUGCUCUUA"
"462","IL13RA1",3597,26787975,"CAAGAAAUGAGUAUAGGUA"
"463","IL13RA1",3597,26787975,"CAGCUCAAAUUGUAGUCUA"
"464","IL13RA1",3597,26787975,"GGAGGAAACCGACUCUGUA"
"465","IL13RA1",3597,26787975,"GCAGAUGCCUAUUUUAUGA"
"466","IL15",3600,26787979,"GUCCGGAGAUGCAAGUAUU"
"467","IL15",3600,26787979,"CAACACUUCUUGAUUGCAA"
"468","IL15",3600,26787979,"CAACUGGGUGAAUGUAAUA"
"469","IL15",3600,26787979,"GCAAAGUAACAGCAAUGAA"
"470","IL16",3603,27262654,"CGCCAAAGCUUGAAAGGUU"
"471","IL16",3603,27262654,"UGAUGGACCUGUCACGAUU"
"472","IL16",3603,27262654,"GAAGGGCAAUGAGGUUCUU"
"473","IL16",3603,27262654,"AGACGAAGCUACUUGACGA"
"474","IL17",3605,27477085,"GAAUCACAAUCCCACGAAA"
"475","IL17",3605,27477085,"UGAGGACCCUGAGAGAUAU"
"476","IL17",3605,27477085,"GGACUGUGAUGGUCAACCU"
"477","IL17",3605,27477085,"CAUAACCGGAAUACCAAUA"
"478","IL18",3606,27502389,"GUAACUAUCUCUGUGAAGU"
"479","IL18",3606,27502389,"GUAUAAAGAUAGCCAGCCU"
"480","IL18",3606,27502389,"GACAAUACGCUUUACUUUA"
"481","IL18",3606,27502389,"GAUUCUGACUGUAGAGAUA"
"482","INCENP",3619,9910375,"GUCAUGAAGUCCUUUAUUA"
"483","INCENP",3619,9910375,"GGAUGGAUCUGAAUAGCGA"
"484","INCENP",3619,9910375,"CAACGGAAAUAACUCGUGG"
"485","INCENP",3619,9910375,"CGGAAGAAGAGACGGAUUU"
"486","INHA",3623,9257223,"GGAUGGAGGUUACUCUUUC"
"487","INHA",3623,9257223,"GCACAGCAGCCUCCAAUAG"
"488","INHA",3623,9257223,"GGACAAGUCAGCUGCCAGA"
"489","INHA",3623,9257223,"GAGGAUGUCUCCCAAGCCA"
"490","INHBA",3624,62953137,"GAACGGGUAUGUGGAGAUA"
"491","INHBA",3624,62953137,"GAGUGUGGGUGCUCAUAGA"
"492","INHBA",3624,62953137,"GGAUUUCUGUUGGCAAGUU"
"493","INHBA",3624,62953137,"GGAGUGAACUGUUGCUCUC"
"494","INHBB",3625,9257224,"GGUGAACUCCUGCUGCAUU"
"495","INHBB",3625,9257224,"GGCAACAGUUCUUCAUUGA"
"496","INHBB",3625,9257224,"GGUGGAACAUGGUGGAGAA"
"497","INHBB",3625,9257224,"GGACGUGCCCAACAUGAUU"
"498","CXCL10",3627,4504700,"AAACUGCGAUUCUGAUUUG"
"499","CXCL10",3627,4504700,"UGAAAGCAGUUAGCAAGGA"
"500","CXCL10",3627,4504700,"GUAAUCAACCUGUUAAUCC"
"501","CXCL10",3627,4504700,"AAUCGAAGGCCAUCAAGAA"
"502","LEPR",3953,51093380,"GAUAGAAACUGCUCCUUAU"
"503","LEPR",3953,51093380,"GCUGGACUCUCAAAGAAUA"
"504","LEPR",3953,51093380,"AAACAGCAGUUGUGUGAUU"
"505","LEPR",3953,51093380,"GGAAAUCACACGAAAUUCA"
"506","LIF",3976,6006018,"GCAGAUCAUCGCCGUGUUG"
"507","LIF",3976,6006018,"GGUCUUGGCGGCAGGAGUU"
"508","LIF",3976,6006018,"CCAAUGCCCUCUUUAUUCU"
"509","LIF",3976,6006018,"GGGUAAAGGUCUGUAAGAA"
"510","LIG1",3978,4557718,"GCAGCGAAGUAUCAUGUCA"
"511","LIG1",3978,4557718,"GAACAACUAUCAUCCCGUG"
"512","LIG1",3978,4557718,"GAAGCCCGGUUCAUCGCUA"
"513","LIG1",3978,4557718,"CGUCUGAGAUCCAGGUGCA"
"514","LIG4",3981,46255051,"GCACAAAGAUGGAGAUGUA"
"515","LIG4",3981,46255051,"GGGAGUGUCUCAUGUAAUA"
"516","LIG4",3981,46255051,"GGUAUGAGAUUCUUAGUAG"
"517","LIG4",3981,46255051,"GAAGAGGGAAUUAUGGUAA"
"518","LTA",4049,6806892,"GAGCAACAAUUCUCUCCUG"
"519","LTA",4049,6806892,"CCCUAGUACUGUCUUCUUU"
"520","LTA",4049,6806892,"CACUCUACCUGGCCCAUGA"
"521","LTA",4049,6806892,"CCUUCGCUCUGUAGAACUU"
"522","LTB",4050,6996015,"GGAGCCACUUCUCUGGUGA"
"523","LTB",4050,6996015,"CAUAGGCGCUCCGCUGAAG"
"524","LTB",4050,6996015,"UGGCUGUGCUGGCCUUAGU"
"525","LTB",4050,6996015,"GCGAGAGGGUGUACGUCAA"
"526","MDK",4192,59894794,"CGACUGCAAGUACAAGUUU"
"527","MDK",4192,59894794,"AAGGGAAGGGAAAGGACUA"
"528","MDK",4192,59894794,"GAACUGGGGUGCGUGUGAU"
"529","MDK",4192,59894794,"GCACCAAAGUCCGCCAAGG"
"530","KITLG",4254,59939902,"GGAAUCGUGUGACUAAUAA"
"531","KITLG",4254,59939902,"GAAGUGUAAUUGUGGCUUG"
"532","KITLG",4254,59939902,"CCAAAAGACUACAUGAUAA"
"533","KITLG",4254,59939902,"ACACAAACUUGGAUUCUCA"
"534","MIF",4282,4505184,"GGGUCUACAUCAACUAUUA"
"535","MIF",4282,4505184,"GCGCAGAACCGCUCCUACA"
"536","MIF",4282,4505184,"CAACUCCACCUUCGCCUAA"
"537","MIF",4282,4505184,"CAUCGUAAACACCAACGUG"
"538","CXCL9",4283,4505186,"CCAAGGGACUAUCCACCUA"
"539","CXCL9",4283,4505186,"UCUCAACGUUCUCGUCAAA"
"540","CXCL9",4283,4505186,"GAAUGGAGUUCAAACAUGU"
"541","CXCL9",4283,4505186,"AGAGACCACUUCACCAAUA"
"542","MPL",4352,4885490,"GGUGACCGCUCUGCAUCUA"
"543","MPL",4352,4885490,"GGACUGCAAUGCUUUACCU"
"544","MPL",4352,4885490,"GAAUGUUACCUGUCAAUGG"
"545","MPL",4352,4885490,"CCACUAAGCUAUUGGCAGC"
"546","MUC4",4585,20143940,"CAAUGGUGGUCGUGUGAUU"
"547","MUC4",4585,20143940,"GCAAGCAUCGGACUUCACA"
"548","MUC4",4585,20143940,"GCAUGAAACUCGACGCGUU"
"549","MUC4",4585,20143940,"CAUUUGAUCUCCAACUGUG"
"550","MYH10",4628,41406063,"CCAAUUUACUCUGAGAAUA"
"551","MYH10",4628,41406063,"GGGCAACUCUACAAAGAAU"
"552","MYH10",4628,41406063,"GAGCAGCCGCCAACAAAUU"
"553","MYH10",4628,41406063,"GGAAGAAGCUCGACGCGCA"
"554","NEDD5",4735,56550108,"GAACAGGCGGCACAUCAUU"
"555","NEDD5",4735,56550108,"GCCCUUAGAUGUGGCGUUU"
"556","NEDD5",4735,56550108,"CAUAAACAGCCUAUUCCUA"
"557","NEDD5",4735,56550108,"GAACCAUGCUCAUCACCCA"
"558","NEK1",4750,41872672,"GGACUGGUUUGUACAGAUA"
"559","NEK1",4750,41872672,"GGAGAAGUAUGUUAGACUA"
"560","NEK1",4750,41872672,"GAAACUCAGUCGGCAGAUA"
"561","NEK1",4750,41872672,"GAGAAAUACUUCGUAGAUU"
"562","NEK2",4751,49574505,"GGAUCUGGCUAGUGUAAUU"
"563","NEK2",4751,49574505,"GCAGACAGAUCCUGGGCAU"
"564","NEK2",4751,49574505,"GGCAAUACUUAGAUGAAGA"
"565","NEK2",4751,49574505,"GCUAGAAUAUUAAACCAUG"
"566","NEK3",4752,23510392,"CGAUAGAGGUGGUUCUGUA"
"567","NEK3",4752,23510392,"CAAAUGUGCCUUGGAGUAA"
"568","NEK3",4752,23510392,"CCUGAAGACAUGAUACUUA"
"569","NEK3",4752,23510392,"UAUGAACUCUGUACCCUUA"
"570","NODAL",4838,38176152,"GCUCCUAGAUCACCAUAAA"
"571","NODAL",4838,38176152,"CGACAUCACUUGCCAGACA"
"572","NODAL",4838,38176152,"AGAGUCUGCUGAAACGUUA"
"573","NODAL",4838,38176152,"GACCAACCAUGCAUACAUC"
"574","TNFRSF11B",4982,22547122,"GGCGCUACCUUGAGAUAGA"
"575","TNFRSF11B",4982,22547122,"GAUAUAGUCAAGAAGAUCA"
"576","TNFRSF11B",4982,22547122,"GUAACCAGGUCCAAUCAGU"
"577","TNFRSF11B",4982,22547122,"CCAAAGUACCUUCAUUAUG"
"578","OSM",5008,28178862,"GGAACAACAUCUACUGCAU"
"579","OSM",5008,28178862,"GGAUGUUCCUAAACUGAGA"
"580","OSM",5008,28178862,"GGUCUGGGCUGAACAUCGA"
"581","OSM",5008,28178862,"UAUAGGCAGCUGCUCGAAA"
"582","PAFAH1B1",5048,6031206,"CAAUUAAGGUGUGGGAUUA"
"583","PAFAH1B1",5048,6031206,"UGAACUAAAUCGAGCUAUA"
"584","PAFAH1B1",5048,6031206,"GGAGUGCCGUUGAUUGUGU"
"585","PAFAH1B1",5048,6031206,"UGACAAGACCCUACGCGUA"
"586","PAP",5068,21070992,"GGUAACAGCUACUCAUACG"
"587","PAP",5068,21070992,"AAUGUGAGGUUACCCUAUG"
"588","PAP",5068,21070992,"CACCGAGCCCAAUGGAGAA"
"589","PAP",5068,21070992,"GCGAGCCUGUCGAGAAGCA"
"590","PDGFA",5154,77695918,"GGACGGUCAUUUACGAGAU"
"591","PDGFA",5154,77695918,"GCGGAUACCUCGCCCAUGU"
"592","PDGFA",5154,77695918,"CCACUAAGCAUGUGCCCGA"
"593","PDGFA",5154,77695918,"CCACAAGCCUGAAUCCGGA"
"594","PDGFB",5155,15451785,"CCGAGGAGCUUUAUGAGAU"
"595","PDGFB",5155,15451785,"GAAGAAGGAGCCUGGGUUC"
"596","PDGFB",5155,15451785,"GCAAGCACCGGAAAUUCAA"
"597","PDGFB",5155,15451785,"GGGCCGAGUUGGACCUGAA"
"598","PF4",5196,4505732,"CCGCUGUACAAGAAAAUAA"
"599","PF4",5196,4505732,"CUACGUGUGUGCAUUUGCU"
"600","PF4",5196,4505732,"GCGCUGAAGCUGAAGAAGA"
"601","PF4",5196,4505732,"UUAAGAAACUUUUGGAGAG"
"602","PF4V1",5197,4505734,"GAGAUGCUGUUCUUGGCGU"
"603","PF4V1",5197,4505734,"ACAAUUAGCUUGCCAAUAA"
"604","PF4V1",5197,4505734,"UAGUAGCUCUUAAGCAUUA"
"605","PF4V1",5197,4505734,"GCUGAUACAUAUUUGUUCA"
"606","PNUTL1",5413,58331275,"CAUGGUGGCUGGUGAGUCA"
"607","PNUTL1",5413,58331275,"CGGUGGACAUUGAGGAGAA"
"608","PNUTL1",5413,58331275,"GAACAUCCAAGACAACCGA"
"609","PNUTL1",5413,58331275,"GCAAGUCGGUGAAGAAAGG"
"610","PNUTL2",5414,17986246,"GGGCAAGCUUGAUCCCUAU"
"611","PNUTL2",5414,17986246,"GCCAUUGGAUGUUGAAUUC"
"612","PNUTL2",5414,17986246,"GGACAAUGCUGGUACGUAC"
"613","PNUTL2",5414,17986246,"CAAGAUCUAUCAAUUCCCA"
"614","PPBP",5473,41872408,"CAACCAAGUCGAAGUGAUA"
"615","PPBP",5473,41872408,"GAACUCCGCUGCAUGUGUA"
"616","PPBP",5473,41872408,"GUUUGGAAGUGAUCGGGAA"
"617","PPBP",5473,41872408,"UAAGAGAAACUUGGCGAAA"
"618","PPP1CA",5499,45827797,"GCAAGAGACGCUACAACAU"
"619","PPP1CA",5499,45827797,"GAGCAGAUUCGGCGGAUCA"
"620","PPP1CA",5499,45827797,"CAUCUAUGGUUUCUACGAU"
"621","PPP1CA",5499,45827797,"GAACGACCGUGGCGUCUCU"
"622","PPP1CB",5500,46249377,"GCAAAGUUAUGGUCGAUUU"
"623","PPP1CB",5500,46249377,"GCUGAGCGAUUUCUAAUAA"
"624","PPP1CB",5500,46249377,"GUGCUUAACUGUCUAAUAU"
"625","PPP1CB",5500,46249377,"GAGAAGAGACUUAAUCCAA"
"626","PPP1CC",5501,4506006,"GCGGAGAGUUUGACAAUGC"
"627","PPP1CC",5501,4506006,"CGAAUUAUGCGACCAACUG"
"628","PPP1CC",5501,4506006,"UAGAUAAACUCAACAUCGA"
"629","PPP1CC",5501,4506006,"UGACAUCCAUGGACAAUAC"
"630","PRL",5617,40254429,"CGAAUUCGAUAAACGGUAU"
"631","PRL",5617,40254429,"ACGCAGGGAUUCACAUAAA"
"632","PRL",5617,40254429,"GCUAAGCCCACAUCCAUUU"
"633","PRL",5617,40254429,"GGAGCAAACCAAACGGCUU"
"634","PTN",5764,42476152,"GAAGCGAGCCCUGCACAAU"
"635","PTN",5764,42476152,"GGAGCUGAGUGCAAGCAAA"
"636","PTN",5764,42476152,"GCAAAUACCAGUUCCAGGC"
"637","PTN",5764,42476152,"UGACCAAGCCCAAACCUCA"
"638","CCL1",6346,4506832,"CCAAUGAGGGCUUAAUAUU"
"639","CCL1",6346,4506832,"GGACACAGUUGGAUGGGUU"
"640","CCL1",6346,4506832,"UGAGGGCAAUCCUGUGUUA"
"641","CCL1",6346,4506832,"GAUGUUGCUUCUCAUUUGC"
"643","CCL2",6347,56119169,"GUUAUAACUUCACCAAUAG"
"644","CCL2",6347,56119169,"CUCGCGAGCUAUAGAAGAA"
"645","CCL2",6347,56119169,"GCAAGUGUCCCAAAGAAGC"
"646","CCL2",6347,56119169,"CCCAAACUCCGAAGACUUG"
"647","CCL3",6348,4506842,"UUUCAUAGCUGACUACUUU"
"648","CCL3",6348,4506842,"GCAACCAGUUCUCUGCAUC"
"649","CCL3",6348,4506842,"GUGAGGAGUGGGUCCAGAA"
"650","CCL3",6348,4506842,"AAGCGAAGCCGGCAGGUCU"
"651","CCL3L1",6349,48949814,"UUUCAUAGCUGACUACUUU"
"652","CCL3L1",6349,48949814,"GGUCCUCUCUGCACCACUU"
"653","CCL3L1",6349,48949814,"CUACACCUCCCGACAGAUU"
"654","CCL3L1",6349,48949814,"GUGAGGAGUGGGUCCAGAA"
"655","CCL4",6351,4506844,"GCAACUUUGUGGUAGAUUA"
"656","CCL4",6351,4506844,"GUACGUGUAUGACCUGGAA"
"657","CCL4",6351,4506844,"GCGUGACUGUCCUGUCUCU"
"658","CCL4",6351,4506844,"CAGCACCAAUGGGCUCAGA"
"659","CCL5",6352,22538813,"CGAAAGAACCGCCAAGUGU"
"660","CCL5",6352,22538813,"AGAAAUGGGUUCGGGAGUA"
"661","CCL5",6352,22538813,"GAGAUGAGCUAGGAUGGAG"
"662","CCL5",6352,22538813,"GCUGUCAUCCUCAUUGCUA"
"663","CCL7",6354,13435401,"GGGAUUAAUACUUCAACUA"
"664","CCL7",6354,13435401,"GAAAGCCUCUGCAGCACUU"
"665","CCL7",6354,13435401,"UUAUGAAGCACCUGGACAA"
"666","CCL7",6354,13435401,"UACAGAAGGACCACCAGUA"
"667","CCL8",6355,22538815,"GGUCAGGGAUUCCAUGAAG"
"668","CCL8",6355,22538815,"UAACGUGAUCAAUAGGAAA"
"669","CCL8",6355,22538815,"CUGGAGAGCUACACAAGAA"
"670","CCL8",6355,22538815,"GCUCAGCCAGAUUCAGUUU"
"671","CCL11",6356,22538399,"CUAGAGAGCUACAGGAGAA"
"672","CCL11",6356,22538399,"GCUUUAACCUGGCCAAUAG"
"673","CCL11",6356,22538399,"GAAGGUCUCCGCAGCACUU"
"674","CCL11",6356,22538399,"ACUCCAAAGCCAUAAAUAA"
"675","CCL13",6357,22538799,"GCACUCAACGUCCCAUCUA"
"676","CCL13",6357,22538799,"GCUCACACCCUGAAGACUU"
"677","CCL13",6357,22538799,"GAACCAAACUGGGCAAGGA"
"678","CCL13",6357,22538799,"GCAGUAAGAAGAUCUCCUU"
"679","CCL14",6358,34335176,"GUCAGCGGAUUAUGGAUUA"
"680","CCL14",6358,34335176,"UCACCUACACUACCUACAA"
"681","CCL14",6358,34335176,"GCCAUUCCGUCUGUACCAA"
"682","CCL14",6358,34335176,"GCUCCAAGCCCGGAAUUGU"
"683","CCL15",6359,34335180,"GCUGAAGCCCUACUCAAUA"
"684","CCL15",6359,34335180,"GAACAGCUUUCACUUUGCU"
"685","CCL15",6359,34335180,"GUCCGGGAGUUCAGGAUUG"
"686","CCL15",6359,34335180,"UCCCAGGCCCAGUUCAUAA"
"687","CCL16",6360,22538800,"GGAGACUAGUGGUGGGAUA"
"688","CCL16",6360,22538800,"GGAACUUGUCCACGGUUAA"
"689","CCL16",6360,22538800,"GAAAGGCCCUCAACUGUCA"
"690","CCL16",6360,22538800,"GCAAUCAUCUUCGUCACCA"
"691","CCL17",6361,22538801,"GAAGAAUGCAGUUAAAUAC"
"692","CCL17",6361,22538801,"UUAGAAAGCUGAAGACGUG"
"693","CCL17",6361,22538801,"GGGAGUGCUGCCUGGAGUA"
"694","CCL17",6361,22538801,"GCACAUCCACGCAGCUCGA"
"695","CCL18",6362,22547150,"CCACAAAAGUUCAUAGUUG"
"696","CCL18",6362,22547150,"UAAGAAGUGGGUCCAGAAA"
"697","CCL18",6362,22547150,"GUCUAUACCUCCUGGCAGA"
"698","CCL18",6362,22547150,"GAAGCUGAAUGCCUGAGGG"
"699","CCL19",6363,22165424,"CUGGGUACAUCGUGAGGAA"
"700","CCL19",6363,22165424,"GCAGUUAACCUAUGACCGU"
"701","CCL19",6363,22165424,"CAAUGAUGCUGAAGACUGC"
"702","CCL19",6363,22165424,"UCCACUACCUUCUCAUCAA"
"703","CCL20",6364,4759075,"CCGUAUUCUUCAUCCUAAA"
"704","CCL20",6364,4759075,"UGAAAUAUAUUGUGCGUCU"
"705","CCL20",6364,4759075,"CAAUGAAGGCUGUGACAUC"
"706","CCL20",6364,4759075,"GCUAUCAUCUUUCACACAA"
"707","CCL21",6366,22165425,"CAAGAGGACUGAGCGGUCA"
"708","CCL21",6366,22165425,"GCUCAGGACUGUUGCCUCA"
"709","CCL21",6366,22165425,"GAAGAUUCCCGCCAAGGUU"
"710","CCL21",6366,22165425,"GCAGCUACCGGAAGCAGGA"
"711","CCL22",6367,22538803,"UUGCUAACCUUCAGGGAUA"
"712","CCL22",6367,22538803,"GGGUGAAGAUGAUUCUCAA"
"713","CCL22",6367,22538803,"GUGAAACACUUCUACUGGA"
"714","CCL22",6367,22538803,"AGACUGCACUCCUGGUUGU"
"715","CCL23",6368,22538807,"AGAGUUACUUUGAAACGAA"
"716","CCL23",6368,22538807,"GAUAAGCAAGUUCAGGUUU"
"717","CCL23",6368,22538807,"CAGGAAGAAUUGAACUUGU"
"718","CCL23",6368,22538807,"GGGCGACGUUUCUGUGCCA"
"719","CCL24",6369,22165426,"AGGAGUGGGUCCAGAGGUA"
"720","CCL24",6369,22165426,"GAGAUAUCCUGGCAACCAA"
"721","CCL24",6369,22165426,"CAAGAGAAUUCCUGAGAAC"
"722","CCL24",6369,22165426,"CAUCAUCCCUACGGGCUCU"
"723","CCL25",6370,22538797,"CUGUAAAGAAGUUGAGUUC"
"724","CCL25",6370,22538797,"CGCCUGGACUUACCGGAUC"
"725","CCL25",6370,22538797,"GUAGAGAAGACUUAGGAUA"
"726","CCL25",6370,22538797,"GAAUGUCUCCCUCCUGAUA"
"727","CXCL6",6372,52851409,"GAAGCAAGUUUGUCUGGAC"
"728","CXCL6",6372,52851409,"CAAAACGAUUGGUAAACUG"
"729","CXCL6",6372,52851409,"GCACUUGUUUACGCGUUAC"
"730","CXCL6",6372,52851409,"GGCAUAAUGUCAUGAUUUA"
"731","CXCL11",6373,14790145,"GCUGUGAUAUUGUGUGCUA"
"732","CXCL11",6373,14790145,"CAGUGAAAGUGGCAGAUAU"
"733","CXCL11",6373,14790145,"UGAGAAAGCCUCCAUAAUG"
"734","CXCL11",6373,14790145,"UAAAGGACAACGAUGCCUA"
"735","CXCL5",6374,41872613,"GAUCAGUAAUCUGCAAGUG"
"736","CXCL5",6374,41872613,"GGAAGGAAAUUUGUCUUGA"
"737","CXCL5",6374,41872613,"GAGAGAGCUUGGAAUGUUA"
"738","CXCL5",6374,41872613,"GAAUUGUAGGUGACUAUUA"
"739","XCL1",6375,4506852,"GAUUCUGGCUAGUGUCUAU"
"740","XCL1",6375,4506852,"UGAGAUGUAUUUCAACUUG"
"741","XCL1",6375,4506852,"GGAAAGGUAGUGUAUCAUU"
"742","XCL1",6375,4506852,"UAAGAAUAGUUCCCUAGUC"
"743","CX3CL1",6376,54111253,"CAAACGCGCAAUCAUCUUG"
"744","CX3CL1",6376,54111253,"GCUGUGGUAGUAAUUCAUA"
"745","CX3CL1",6376,54111253,"CGAAAGAUGGCAGGAGAGA"
"746","CX3CL1",6376,54111253,"CGAAAUGCAACAUCACGUG"
"747","SDCBP",6386,55749503,"GGAGAGAAGAUUACCAUGA"
"748","SDCBP",6386,55749503,"GACCAAGUACUUCAGAUCA"
"749","SDCBP",6386,55749503,"GGAUGGUCUUAGAAUAUUU"
"750","SDCBP",6386,55749503,"GCAUUUGACUCUUAAGAUU"
"751","CXCL12",6387,76563932,"GCAUUGACCCGAAGCUAAA"
"752","CXCL12",6387,76563932,"CAACGUCAAGCAUCUCAAA"
"753","CXCL12",6387,76563932,"ACGCCAAGGUCGUGGUCGU"
"754","CXCL12",6387,76563932,"CGAAAGCCAUGUUGCCAGA"
"755","SECTM1",6398,4506868,"UCAAUGAGGUGGCUCCAGG"
"756","SECTM1",6398,4506868,"CCAGAGAAAUAACAGACAA"
"757","SECTM1",6398,4506868,"GUUCAAACCCUCACCACUU"
"758","SECTM1",6398,4506868,"GAAGGUCGCAGCCCUCAGA"
"759","SPP1",6696,38146097,"CCAAGUAAGUCCAACGAAA"
"760","SPP1",6696,38146097,"CAUCUUCUGAGGUCAAUUA"
"761","SPP1",6696,38146097,"UGAACGCGCCUUCUGAUUG"
"762","SPP1",6696,38146097,"GAUGAACUGGUCACUGAUU"
"763","STAT1",6772,21536300,"GCACGAUGGGCUCAGCUUU"
"764","STAT1",6772,21536300,"CUACGAACAUGACCCUAUC"
"765","STAT1",6772,21536300,"GAACCUGACUUCCAUGCGG"
"766","STAT1",6772,21536300,"AGAAAGAGCUUGACAGUAA"
"767","STAT2",6773,38202247,"GGACUGAGUUGCCUGGUUA"
"768","STAT2",6773,38202247,"GGACUGAGGAUCCAUUAUU"
"769","STAT2",6773,38202247,"GAGCCCUCCUGGCAAGUUA"
"770","STAT2",6773,38202247,"GAUUUGCCCUGUGAUCUGA"
"771","STAT3",6774,47458819,"GAGAUUGACCAGCAGUAUA"
"772","STAT3",6774,47458819,"CAACAUGUCAUUUGCUGAA"
"773","STAT3",6774,47458819,"CCAACAAUCCCAAGAAUGU"
"774","STAT3",6774,47458819,"CAACAGAUUGCCUGCAUUG"
"775","XCL2",6846,38569448,"ACCCAGCAAUCGACCAAUA"
"776","XCL2",6846,38569448,"AGAAAUAACAUGAUCCAGA"
"777","XCL2",6846,38569448,"CAUAGGAGGACCUGUGUGA"
"778","XCL2",6846,38569448,"CCAGUUAGCAGAAUCAAGA"
"779","SYCP1",6847,34878903,"GCAAGCAACUGAAUGUUUA"
"780","SYCP1",6847,34878903,"GAAGAGAUGACUAAGCUUA"
"781","SYCP1",6847,34878903,"GCACCAAUAUGAUAAGAUC"
"782","SYCP1",6847,34878903,"CUAGAGGAAUCCAGAGAUA"
"783","TGFB2",7042,4507462,"GGAUUGAGCUAUAUCAGAU"
"784","TGFB2",7042,4507462,"CUGCGUGUCCCAAGAUUUA"
"785","TGFB2",7042,4507462,"GAUGCGGCCUAUUGCUUUA"
"786","TGFB2",7042,4507462,"GAGCAUGCCCGUAUUUAUG"
"787","EBAF",7044,27436880,"GCUGAGCUCUAGUAGGAAA"
"788","EBAF",7044,27436880,"UAACUGAACGUGUGCAUAG"
"789","EBAF",7044,27436880,"GGUCUUAAUGUAGGUCUUA"
"790","EBAF",7044,27436880,"CACCAGAAACCACAUGUAU"
"791","THPO",7066,40805874,"GACUUUAGCUUGGGAGAAU"
"792","THPO",7066,40805874,"UACACGAACUCUUGAAUGG"
"793","THPO",7066,40805874,"CCUACCAGCCCUCUUCUAA"
"794","THPO",7066,40805874,"AGGGUAAGGUUCUCAGACA"
"795","TNF",7124,25952110,"GCCCGACUAUCUCGACUUU"
"796","TNF",7124,25952110,"GCGUGGAGCUGAGAGAUAA"
"797","TNF",7124,25952110,"UGACAAGCCUGUAGCCCAU"
"798","TNF",7124,25952110,"CCAGGGACCUCUCUCUAAU"
"799","TRIP6",7205,23308730,"GAUCGAAGUUUUCACAUUG"
"800","TRIP6",7205,23308730,"CGAAGAAGCUGGUUCACGA"
"801","TRIP6",7205,23308730,"GAUCGCGUCUUUCACGUGG"
"802","TRIP6",7205,23308730,"GGAGGAGACUGUGAGAAUU"
"803","TNFSF4",7292,23510446,"CAAAGUACAAUUUACCGAA"
"804","TNFSF4",7292,23510446,"GACAAUACCUCCCUGGAUG"
"805","TNFSF4",7292,23510446,"UGAAUUCUGUGUCCUUUGA"
"806","TNFSF4",7292,23510446,"UCACAUCGGUAUCCUCGAA"
"807","SCGB1A1",7356,39725696,"GGACACACCCUCCAGUUAU"
"808","SCGB1A1",7356,39725696,"GAGAAAGCAUCAUUAAGCU"
"809","SCGB1A1",7356,39725696,"CAAAGCUCACUGUGUAAUU"
"810","SCGB1A1",7356,39725696,"GAAACUCGCUGUCACCCUC"
"811","VEGF",7422,71051584,"GCAGAAUCAUCACGAAGUG"
"812","VEGF",7422,71051584,"CAACAAAUGUGAAUGCAGA"
"813","VEGF",7422,71051584,"GGAGUACCCUGAUGAGAUC"
"814","VEGF",7422,71051584,"GAUCAAACCUCACCAAGGC"
"815","VEGFB",7423,39725673,"UGUCAUGGAUAGAUGUGUA"
"816","VEGFB",7423,39725673,"CAGUGUGAAUGCAGACCUA"
"817","VEGFB",7423,39725673,"CACCAAGUCCGGAUGCAGA"
"818","VEGFB",7423,39725673,"GGGCUUAGAGCUCAACCCA"
"819","D2S448",7837,51460715,"CAUCCUAGAUCUUCGCUUU"
"820","D2S448",7837,51460715,"GAACAAGUUACCACUACAA"
"821","D2S448",7837,51460715,"GGAGAUCCGUUUGUAGCUA"
"822","D2S448",7837,51460715,"GCACACCCUUGCCAGUUGA"
"823","CXCR4",7852,56790928,"GAAGCAUGACGGACAAGUA"
"824","CXCR4",7852,56790928,"GGCCUUAUCCUGCCUGGUA"
"825","CXCR4",7852,56790928,"UAACUACACCGAGGAAAUG"
"826","CXCR4",7852,56790928,"CAAGCAAGGGUGUGAGUUU"
"827","GDF5",8200,5123452,"GCUGGGAGGUGUUCGACAU"
"828","GDF5",8200,5123452,"GGAAGGCACUGCAUGUCAA"
"829","GDF5",8200,5123452,"GGAAGAAGCCCUCGGACAC"
"830","GDF5",8200,5123452,"CGACCCAGCAAGAACCUUA"
"831","SMC1L1",8243,30581134,"GGACAGCUCUAUUUGAAGA"
"832","SMC1L1",8243,30581134,"GCUCGUAACUUCCUCGUUU"
"833","SMC1L1",8243,30581134,"GUACAAGGGUCGACAGAUU"
"834","SMC1L1",8243,30581134,"GAACUGGCCUCAAAGAACA"
"835","YARS",8565,38202242,"GAACGGCAACCACGGGCAA"
"836","YARS",8565,38202242,"UGAAGGAGCGGGAACUUAA"
"837","YARS",8565,38202242,"AAGAGAAACUGCACCUUAU"
"838","YARS",8565,38202242,"ACGCAUACCUGGAUAACAU"
"839","TNFSF11",8600,21536432,"GCUCAUCUCACUAUUAAUG"
"840","TNFSF11",8600,21536432,"GUGGAUGGCUCAUGGUUAG"
"841","TNFSF11",8600,21536432,"CAACUAAUGGUGUACGUCA"
"842","TNFSF11",8600,21536432,"GAAAUCAGCAUCGAGGUCU"
"843","CDC23",8697,16554575,"GAAAUUAAAUCCUCGGUAU"
"844","CDC23",8697,16554575,"GCAGUUGCCUAUCACAAUA"
"845","CDC23",8697,16554575,"GGAAAUAGUAGAACACUUG"
"846","CDC23",8697,16554575,"UGAAAUCGGAGUUGAGUUA"
"847","TNFSF14",8740,25952146,"GUACGGCCCUCAGUGUUUG"
"848","TNFSF14",8740,25952146,"GCGAAGGUCUCACGAGGUC"
"849","TNFSF14",8740,25952146,"CCAAAGCUGGCUACUACUA"
"850","TNFSF14",8740,25952146,"GGACAGACCGACAUCCCAU"
"851","TNFSF13",8741,26051247,"GGGCAAGGGCGAAACUUAA"
"852","TNFSF13",8741,26051247,"GCAGGUGUCUUCCAUUUAC"
"853","TNFSF13",8741,26051247,"UGACAGAGGUGAUGUGGCA"
"854","TNFSF13",8741,26051247,"GGAGUUUAUCUGCUGUAUA"
"855","TNFSF12",8742,23510442,"GGGAAGGCUGUCUACCUGA"
"856","TNFSF12",8742,23510442,"GUCAGGUGCACUUUGAUGA"
"857","TNFSF12",8742,23510442,"UACAGUAUUCCCACUCUUA"
"858","TNFSF12",8742,23510442,"GCUCCUCCCUUGAGAAUUC"
"859","TNFSF10",8743,23510439,"CCAAACAUACUUUCGAUUU"
"860","TNFSF10",8743,23510439,"GCAACUCCGUCAGCUCGUU"
"861","TNFSF10",8743,23510439,"CAAGUUAUCCUGACCCUAU"
"862","TNFSF10",8743,23510439,"GAGGAAUGGUGAACUGGUC"
"863","TNFSF9",8744,24119163,"GGAACUCGGCCUUCGGUUU"
"864","TNFSF9",8744,24119163,"GCGUCCAUCUUCACACUGA"
"865","TNFSF9",8744,24119163,"GAAUACGCCUCUGACGCUU"
"866","TNFSF9",8744,24119163,"ACAAAGAGGACACGAAGGA"
"867","SOCS2",8835,21536304,"CGACUACUAUGUUCAGAUG"
"868","SOCS2",8835,21536304,"GCAUUCAGACUACCUACUA"
"869","SOCS2",8835,21536304,"UAUCAUAUGUGUCAAAUCC"
"870","SOCS2",8835,21536304,"CCAAACCGCUCUACACGUC"
"871","CDC16",8881,14110370,"CUAUGGACCUGCAUGGAUA"
"872","CDC16",8881,14110370,"CGAGGUAACAGUUGACAAA"
"873","CDC16",8881,14110370,"GAAAAUCUAUGAUGCUCUA"
"874","CDC16",8881,14110370,"GCAGUGGGAUGUUACUAUC"
"875","CCNA1",8900,16306528,"GAUAUAUCCUCCUGAAGUA"
"876","CCNA1",8900,16306528,"GGACUGAGAACCUGGCUAA"
"877","CCNA1",8900,16306528,"CAUAAAGCGUACCUUGAUA"
"878","CCNA1",8900,16306528,"UCCCGAUGCUUGUCAGAUA"
"879","PGLYRP1",8993,4827035,"GGAGAAGACGGGCUCGUAU"
"880","PGLYRP1",8993,4827035,"GCAACUACAUGGAUCGGGU"
"881","PGLYRP1",8993,4827035,"CCACUCAGGUCACUUAUGG"
"882","PGLYRP1",8993,4827035,"GCCCUGAGGUCCAACUAUG"
"883","TNFSF18",8995,40354198,"GGCUAAGUUUGGACCAUUA"
"884","TNFSF18",8995,40354198,"UAGGAGGGACUUAUGAAUU"
"885","TNFSF18",8995,40354198,"GAACCUCCUUGCGUGAAUA"
"886","TNFSF18",8995,40354198,"UCAGUUGGCUAAUCUUUAU"
"887","PRC1",9055,40807444,"ACAAAGAACUGAGGUGGUA"
"888","PRC1",9055,40807444,"GCACGUAAGCUGAACACUA"
"889","PRC1",9055,40807444,"CCGGAAAGCGCUGCAAUUA"
"890","PRC1",9055,40807444,"UAAAUCACCUUCGGGAAAU"
"891","CCNB2",9133,10938017,"GUGACUACGUUAAGGAUAU"
"892","CCNB2",9133,10938017,"GUACAUGUGCGUUGGCAUU"
"893","CCNB2",9133,10938017,"CAAGUCCACUCCAAGUUUA"
"894","CCNB2",9133,10938017,"UAACGAAGAUUGGGAGAAC"
"895","BMP15",9210,4885096,"GGACAUUGCCUUCUUGUUA"
"896","BMP15",9210,4885096,"CCAACUAACUCGCUUCAAU"
"897","BMP15",9210,4885096,"GACCAAACCGAGGACUAUA"
"898","BMP15",9210,4885096,"ACAAGGAGUAUGAGGGUAU"
"899","NK4",9235,61658639,"AGACAGUGGCGGCUUAUUA"
"900","NK4",9235,61658639,"AGAAAGAGAUGGAUUACGG"
"901","NK4",9235,61658639,"CGAAGGUCCUCUCUGAUGA"
"902","NK4",9235,61658639,"GAGCUCACUCCUCUACUUG"
"903","SCYE1",9255,45006985,"GCAAUGGUCAUGUGUGCUA"
"904","SCYE1",9255,45006985,"GUGUGUGGCUACAUACAAA"
"905","SCYE1",9255,45006985,"GUACUCCACUGCACGCUAA"
"906","SCYE1",9255,45006985,"CGAAUUGGUUGCAUCAUAA"
"907","CER1",9350,75677392,"GCCGAUAGAUGGAAUGAAA"
"908","CER1",9350,75677392,"UUGAAGAGCUAUCCCACUA"
"909","CER1",9350,75677392,"GAAGCCAGAUCUGUUUGUC"
"910","CER1",9350,75677392,"GGAAAUGCGGGUCUGUUCA"
"911","ROCK2",9475,41872582,"GCAACUGGCUCGUUCAAUU"
"912","ROCK2",9475,41872582,"UAGAAUAUGUGGCCUAGAA"
"913","ROCK2",9475,41872582,"GAAACUAAUAGGACACUAA"
"914","ROCK2",9475,41872582,"CAAACUUGGUAAAGAAUUG"
"915","GDF15",9518,4758935,"GGGUGUCGCUCCAGACCUA"
"916","GDF15",9518,4758935,"CGGCAAACAUGCACGCGCA"
"917","GDF15",9518,4758935,"CAAAGACUGCCACUGCAUA"
"918","GDF15",9518,4758935,"GAACUCAGGACGGUGAAUG"
"919","CXCL14",9547,23199988,"GCGAGGAGAAGAUGGUUAU"
"920","CXCL14",9547,23199988,"CCAAGAGCGUGUCCAGGUA"
"921","CXCL14",9547,23199988,"GCUACAGCGACGUGAAGAA"
"922","CXCL14",9547,23199988,"GAGCACCAAGCGCUUCAUC"
"923","GDF3",9573,10190669,"CAAUUAUGCUUUCAUGCAA"
"924","GDF3",9573,10190669,"GCUAAGGAUUGGAAUGACA"
"925","GDF3",9573,10190669,"UAACCUGUCUGCCAUCAAA"
"926","GDF3",9573,10190669,"GCUUUCAGCUUCCUGUUAA"
"927","SOCS5",9655,41349444,"UAUAUAAACUGGGACCAAA"
"928","SOCS5",9655,41349444,"GGAAGUCGCUCUCUAAGAC"
"929","SOCS5",9655,41349444,"CCAUCUCUCUGAAUUAAUG"
"930","SOCS5",9655,41349444,"GAGAGAAGGCGGCUUAGUA"
"931","ESPL1",9700,39652623,"CCGAGGAUCACUUGAAAUA"
"932","ESPL1",9700,39652623,"GGAGAAGGCUCACAGUUAC"
"933","ESPL1",9700,39652623,"GAUCGUUUCCUAUACAGUA"
"934","ESPL1",9700,39652623,"GGAACGAAUUCUCUUUGUC"
"935","TNFSF15",9966,23510444,"CGAAUGAACUAUACCAACA"
"936","TNFSF15",9966,23510444,"GGGCACACCUGACAGUUGU"
"937","TNFSF15",9966,23510444,"CGGGAGACUACUUCAUUUA"
"938","TNFSF15",9966,23510444,"CGAAGUAGGUAGCAACUGG"
"939","TRAP1",10131,7706484,"GAGAUGUGGUAACGAAGUA"
"940","TRAP1",10131,7706484,"UAACCAGCCUCUCAGAAUA"
"941","TRAP1",10131,7706484,"GCUCCAGCGUUGCACUGUA"
"942","TRAP1",10131,7706484,"GAUUGCUGCUGGACUUGUU"
"943","PBEF1",10135,33386694,"GGUAAGAAGUUUCCUGUUA"
"944","PBEF1",10135,33386694,"CAAAUUGGAUUGAGACUAU"
"945","PBEF1",10135,33386694,"UAACUUAGAUGGUCUGGAA"
"946","PBEF1",10135,33386694,"CAAGCAAAGUUUAUUCCUA"
"947","EBI3",10148,14577916,"UAACAGAGCACAUCAUCAA"
"948","EBI3",10148,14577916,"GAAGUACUGGAUCCGUUAC"
"949","EBI3",10148,14577916,"CCACGUACAGGCUCGGCAU"
"950","EBI3",10148,14577916,"CUCCCUACGUGCUCAAUGU"
"951","GDF11",10220,11641418,"AGUCGCAGAUCUUGAGCAA"
"952","GDF11",10220,11641418,"CUGCAGAUCUUGCGACUAA"
"953","GDF11",10220,11641418,"GGAGACGGACCCAGCAGUA"
"954","GDF11",10220,11641418,"GAGCAUCGACUUCAAGCAA"
"955","CCL26",10344,51944958,"GAAAGUCUGUACCCAUCCA"
"956","CCL26",10344,51944958,"GCUAUGAAUUCACCAGUAA"
"957","CCL26",10344,51944958,"CCGAAACAAUUGUGACUCA"
"958","CCL26",10344,51944958,"GAUAUUCACUACCAAAAGA"
"959","SYCP2",10388,38373672,"GAACUUAAAUCUUCUGUCA"
"960","SYCP2",10388,38373672,"GGAAUAAUAUCCGACAUAA"
"961","SYCP2",10388,38373672,"GCGGAUAGGUCAAUUAGAU"
"962","SYCP2",10388,38373672,"GACAUCAAGUCUACAAGAA"
"964","FAM3C",10447,7661713,"GGGAGCACAUCUAUUACUA"
"965","FAM3C",10447,7661713,"GGAUGCAAGUUUAGGAAAU"
"966","FAM3C",10447,7661713,"UACAAAGCCUCCCAGAUAU"
"967","FAM3C",10447,7661713,"GCAACCAAACUCAAUGAUG"
"968","CXCL13",10563,5453576,"CCUAGACGCUUCAUUGAUC"
"969","CXCL13",10563,5453576,"GAAUGGAUACAAAGAAUGA"
"970","CXCL13",10563,5453576,"GUUCCAGUGUUUAAGAGAA"
"971","CXCL13",10563,5453576,"GAAAUCAUAGUCUGGAAGA"
"972","SIVA",10572,11277469,"GCAGUGACAUGUACGAGAA"
"973","SIVA",10572,11277469,"GCUACUCGCAGGAGGUCUU"
"974","SIVA",10572,11277469,"CGGUCUGCGGUCAGUGUGA"
"975","SIVA",10572,11277469,"CACCAGCUGUGCCAUGUUC"
"976","LEFTB",10637,27436943,"GCAUCGCCUCGGAGACUGA"
"977","LEFTB",10637,27436943,"CGAGGGACUUGACUUGUGU"
"978","LEFTB",10637,27436943,"GCACUAUAUUCUAAGCACU"
"979","LEFTB",10637,27436943,"GGACAAAUGCUCUGUGCUC"
"980","CXCR6",10663,5730105,"GGUCUCACAUCAAUGGAAA"
"981","CXCR6",10663,5730105,"CUGGGCAUCUACACUAUUA"
"982","CXCR6",10663,5730105,"GGUCAUAUCCAUCUUCUAC"
"983","CXCR6",10663,5730105,"GGCAAUGUCUUUAAUCUCG"
"984","TNFSF13B",10673,23510443,"GAAAUAAGCGUGCCGUUCA"
"985","TNFSF13B",10673,23510443,"CCUGAAACACUACCCAAUA"
"986","TNFSF13B",10673,23510443,"CGCCUUACUUCUUGCCUUA"
"987","TNFSF13B",10673,23510443,"UCACGGUGGUGUCUUUCUA"
"988","CCL27",10850,22165428,"GUACUCAGCUCUACCGAAA"
"989","CCL27",10850,22165428,"AGAGAAAGCUCCAUGGGAC"
"990","CCL27",10850,22165428,"CCUCCAGGCUUUCGUGCUU"
"991","CCL27",10850,22165428,"CCCAAUAGCCAAAUAAUAA"
"992","IL24",11009,31317245,"UCAAACAGUUGGACGUAGA"
"993","IL24",11009,31317245,"GCACACAGGCGGUUUCUGC"
"994","IL24",11009,31317245,"ACUAUAACCUUGUUCCAAA"
"995","IL24",11009,31317245,"GAAGGCAGCAGAAUAUUGU"
"996","GLMN",11146,16933538,"GUAAAGUUAUGCAAUCCAA"
"997","GLMN",11146,16933538,"GCACACAGACCAGCUAUUA"
"998","GLMN",11146,16933538,"GCACAAUUCUUUGAACAGU"
"999","GLMN",11146,16933538,"UGGCAUAUCUAGUAUUUGU"
"1000","DCTN3",11258,22165423,"GGUGAAGAUUCUCUACAAA"
"1001","DCTN3",11258,22165423,"UAGCAGAGGAGCAGUUUAU"
"1002","DCTN3",11258,22165423,"GAGGAAUACAACAAGACUA"
"1003","DCTN3",11258,22165423,"GGACAGUGCUCACAUCAAA"
"1004","CLC",23529,50726992,"GCUCAUGGCUUCUGACUUC"
"1005","CLC",23529,50726992,"GGCGAAGCCUCAAUGACAA"
"1006","CLC",23529,50726992,"GGACCUAUCUGAACUACCU"
"1007","CLC",23529,50726992,"CCUAUGACCUCACCCGCUA"
"1008","IL1F5",26525,27894309,"CGAGAAUGGUGGCUGGAAU"
"1009","IL1F5",26525,27894309,"GAACAUCAUGGAGCUCUAU"
"1010","IL1F5",26525,27894309,"GCGCUGUGCUUCCGAAUGA"
"1011","IL1F5",26525,27894309,"GAAGGUCAUUAAAGGUGAA"
"1012","GREM1",26585,71164890,"GCAAAUACCUGAAGCGAGA"
"1013","GREM1",26585,71164890,"GAAGCAGUGUCGUUGCAUA"
"1014","GREM1",26585,71164890,"CCACUAACUUGAUUGAUAA"
"1015","GREM1",26585,71164890,"GUACAAAUGUGGUGUGUCU"
"1016","IL1F8",27177,27894312,"CCUCUUAGCCGCAGCAUUA"
"1017","IL1F8",27177,27894312,"GCACCCAAAUCCUAUGCUA"
"1018","IL1F8",27177,27894312,"UUAAUAGCCUGUAGAGACA"
"1019","IL1F8",27177,27894312,"GAAAUUCAGGGCAAGCCUA"
"1020","IL1F7",27178,27894297,"GCAUUAGCCUCAUCCUUGA"
"1021","IL1F7",27178,27894297,"GAGAACAGGAAACACAUUG"
"1022","IL1F7",27178,27894297,"GCACCUCCUGCAAUUGUAA"
"1023","IL1F7",27178,27894297,"UCUACUGUGACAAGGAUAA"
"1024","IL1F6",27179,7657091,"GGAUAUCAAUCAUCGGGUG"
"1025","IL1F6",27179,7657091,"GGACUCAAUCUCUGCCUGA"
"1026","IL1F6",27179,7657091,"GGAAAGCCAACACUACUGA"
"1027","IL1F6",27179,7657091,"GACCGUAUGUCUCCAGUCA"
"1028","IL17C",27189,27477078,"GUGCAGAGGCUGUAUCGAU"
"1029","IL17C",27189,27477078,"GAGGACCGCUAUCCACAGA"
"1030","IL17C",27189,27477078,"CACCAGCGCUCCAUCUCAC"
"1031","IL17C",27189,27477078,"GCGAGACAGCUGCGCUCAA"
"1032","IL17B",27190,27477077,"AACCUGCUGUUUCUUCUUA"
"1033","IL17B",27190,27477077,"GACCUGGUGUCACGGAUGA"
"1034","IL17B",27190,27477077,"GAGGUCAACUUGCAGCUGU"
"1035","IL17B",27190,27477077,"AGAGGAACAUCGAGGAGAU"
"1036","BMP10",27302,7656927,"GCAAAGGGAUCGUAUGAUA"
"1037","BMP10",27302,7656927,"ACAAAGGCGUCGUCACCUA"
"1038","BMP10",27302,7656927,"GCAGUGGACGGCUAGAAAU"
"1039","BMP10",27302,7656927,"GUCCAUUCCUCACCAUGAA"
"1040","ANAPC4",29945,41327748,"GCCAGAAAGUUUACUCAUA"
"1041","ANAPC4",29945,41327748,"GAUGAACAGUGUAGUGCUA"
"1042","ANAPC4",29945,41327748,"ACACGUAGAUUGUUCAAAU"
"1043","ANAPC4",29945,41327748,"CGCUUUAGCUCCAGAGAUA"
"1044","IL19",29949,30795209,"AGACAUGCACCAUAUAGAA"
"1045","IL19",29949,30795209,"CCAAAUGUCACUAUCCUGU"
"1046","IL19",29949,30795209,"CCAAGAACCUCCUGGCGUU"
"1047","IL19",29949,30795209,"UGGGAGAGCUCGACGUCUU"
"1048","IL20",50604,50845426,"GGACUGAAGACACUCAAUU"
"1049","IL20",50604,50845426,"CAGAAUAGGAGGAAAGUGA"
"1050","IL20",50604,50845426,"AGCCAAAGAUGGAAACAUU"
"1051","IL20",50604,50845426,"ACACAAAGCCUGCGAAUCG"
"1052","IL22",50616,41393566,"GCUAAGCACAUGUCAUAUU"
"1053","IL22",50616,41393566,"GAAGUGCUGUUCCCUCAAU"
"1054","IL22",50616,41393566,"GAGCGCUGCUAUCUGAUGA"
"1055","IL22",50616,41393566,"UAGCUUGGCUGAUAACAAC"
"1056","PARD6A",50855,82659096,"GCAAAUUUGACGCCGAGUU"
"1057","PARD6A",50855,82659096,"GAGUCGCAUUCGAGGAGAU"
"1058","PARD6A",50855,82659096,"CUACUUGGCUAUACGGAUG"
"1059","PARD6A",50855,82659096,"GCACAAGCAUGGUUCAGAC"
"1060","CKLF",51192,10092611,"CAGCGGUCCUUACCAGAAA"
"1061","CKLF",51192,10092611,"GCAGUAUGCUGUCUUGCCG"
"1062","CKLF",51192,10092611,"GAUAACGUGCAGCCGAAAA"
"1063","CKLF",51192,10092611,"ACCGGAAGCUUCUGUUCAA"
"1064","FZR1",51343,33620741,"CCACAGGAUUAACGAGAAU"
"1065","FZR1",51343,33620741,"GGAACACGCUGACAGGACA"
"1066","FZR1",51343,33620741,"GCAACGAUGUGUCUCCCUA"
"1067","FZR1",51343,33620741,"GAAGAAGGGUCUGUUCACG"
"1068","ANAPC7",51434,7705283,"GCAAUGGACCAGUAUAGUA"
"1069","ANAPC7",51434,7705283,"UCGCUUAGAUUGUUAUGAA"
"1070","ANAPC7",51434,7705283,"GUUCAAGCUCUGCUACUUA"
"1071","ANAPC7",51434,7705283,"GGAAUGCUGUGAGUAAGUA"
"1072","ANAPC11",51529,50409795,"GGCCAACGAUGAGAACUGU"
"1073","ANAPC11",51529,50409795,"AAGAUUAAGUGCUGGAACG"
"1074","ANAPC11",51529,50409795,"UCUGCAGGAUGGCAUUUAA"
"1075","ANAPC11",51529,50409795,"GUCAAACCCUGAGUCAUGA"
"1076","ASB1",51665,22208961,"GAAGAAAAGUGGACCCUGA"
"1077","ASB1",51665,22208961,"GAGCCAACCUGAAUCUAGU"
"1078","ASB1",51665,22208961,"GCAAACACCGGCUUCAUCU"
"1079","ASB1",51665,22208961,"GAACAAUGAUACCGUUUUA"
"1080","ARTS-1",51752,20149636,"GCAGGAACCCAGUAGGAUA"
"1081","ARTS-1",51752,20149636,"GAAUUUGCCCUCUGCAGAA"
"1082","ARTS-1",51752,20149636,"UGAAUAUGCUAAGGGAGUA"
"1083","ARTS-1",51752,20149636,"UCUUAGCGCUGACGCAUUU"
"1084","IL17D",53342,19923714,"GAAGGACGCAGACAGCAUC"
"1085","IL17D",53342,19923714,"GUACCUGCCUGAAGCCUAC"
"1086","IL17D",53342,19923714,"GGGCCUACAGAAUCUCCUA"
"1087","IL17D",53342,19923714,"AAAGAGAUAGGGACGCAUA"
"1088","IL20RA",53832,31083155,"GCUAUUCCAUCUACCGAUA"
"1089","IL20RA",53832,31083155,"CAUCAGAGUUCAAGGCUAA"
"1090","IL20RA",53832,31083155,"GAAAGUGGACGGUUCUAUC"
"1091","IL20RA",53832,31083155,"AAACGUUACAGUACUCAUA"
"1092","FAM3B",54097,46255031,"GCACAAGACUGAAUAACGA"
"1093","FAM3B",54097,46255031,"AGGUCUAGCUGGGUAUUUA"
"1094","FAM3B",54097,46255031,"GCAGAAGCAAGUACGCCAA"
"1095","FAM3B",54097,46255031,"GUAAAGAAAUCAGGAACAU"
"1096","CKLFSF6",54918,32130534,"GCAAUUGUGUUUGGAUUUA"
"1097","CKLFSF6",54918,32130534,"CUACUUGACUUUAUCACUA"
"1098","CKLFSF6",54918,32130534,"UGAGAGAGUUGAUACCACA"
"1099","CKLFSF6",54918,32130534,"UGACAGGACUUCAGCUGAG"
"1100","CDC37L1",55664,66773037,"GAUGGACACUGUAUAAUUU"
"1101","CDC37L1",55664,66773037,"ACAGAAACUUGGUAGCUUA"
"1102","CDC37L1",55664,66773037,"ACAUCAAGCUGUUGUAAUG"
"1103","CDC37L1",55664,66773037,"GUAUAGCCAUGGAAUUGAA"
"1104","IL26",55801,8923755,"CAGCAUGGCUCAAAGCAAC"
"1105","IL26",55801,8923755,"AGAGAGAUGAAAUCCAUUA"
"1106","IL26",55801,8923755,"GAACAUUGUCCCAAGCUGU"
"1107","IL26",55801,8923755,"GCACAAGCAAUCUUCCUUC"
"1108","ERBB2IP",55914,55770894,"GAACAAGUACUUCGACAUA"
"1109","ERBB2IP",55914,55770894,"UGACCCAGCUGGAAAGAUU"
"1110","ERBB2IP",55914,55770894,"CUAUGUGGCUCUCAGAUAA"
"1111","ERBB2IP",55914,55770894,"CGAAGAGCCAAAUAUAAUA"
"1112","PARD3",56288,21361830,"AAGCAUGGAUUUAGGUAUA"
"1113","PARD3",56288,21361830,"AGACUAAACUCAAUACAGU"
"1114","PARD3",56288,21361830,"CGAUAAAGACAGACUGGUA"
"1115","PARD3",56288,21361830,"GAUGGCGACCUUCGAAAUA"
"1116","IL1F9",56300,27894314,"GGAAGGGCCGUCUAUCAAU"
"1117","IL1F9",56300,27894314,"GACCAGCCCAUCAUUCUGA"
"1118","IL1F9",56300,27894314,"CCACGAAGUGACAGUGUGA"
"1119","IL1F9",56300,27894314,"CAACACUGCCUUUGAAUUA"
"1120","CCL28",56477,22538810,"CGAAACAUACGGCCAUAAA"
"1121","CCL28",56477,22538810,"GCACAACCAUACUGUUAAG"
"1122","CCL28",56477,22538810,"GGAGGUUUCACAUCAUAUU"
"1123","CCL28",56477,22538810,"GCAGAGAGGACUCGCCAUC"
"1124","IFNK",56832,23110975,"CCUUAUGGGUAUAUUCAUU"
"1125","IFNK",56832,23110975,"GCAAUACACCCAACCUAUG"
"1126","IFNK",56832,23110975,"GAACUGAGGAGAUAUUUCC"
"1127","IFNK",56832,23110975,"AAACAUAGCUUUUGAGUUG"
"1128","ARS",57152,17572819,"GAGCAUGGGCUGUGGUGAG"
"1129","ARS",57152,17572819,"GCAGGACCAUUACCCGCUG"
"1130","ARS",57152,17572819,"GAUCUUCUGCUGCUUCCGA"
"1131","ARS",57152,17572819,"GACACAGCCUGCAUGACCA"
"1132","CXCL16",58191,11545764,"GGAAGUUGUUAUUGUGGUA"
"1133","CXCL16",58191,11545764,"CAGAUCUGCCGGUUCAUUA"
"1134","CXCL16",58191,11545764,"GAAUUGAUGAGCUGUCUUG"
"1135","CXCL16",58191,11545764,"UCUAAUACCUGAGCCAAGA"
"1136","IL22RA1",58985,31317238,"GCAUCGAGUAUAAGACGUA"
"1137","IL22RA1",58985,31317238,"UCACGGAGCUCUACUAUGC"
"1138","IL22RA1",58985,31317238,"CACCUGAUGUGACCUGUAU"
"1139","IL22RA1",58985,31317238,"CGAUUCAGAUGAUUGUUCA"
"1140","IL21",59067,11141874,"CAAGAUCGCCACAUGAUUA"
"1141","IL21",59067,11141874,"CAACUAAAGUCAGCAAAUA"
"1142","IL21",59067,11141874,"CAGAAGAUGUAGAGACAAA"
"1143","IL21",59067,11141874,"AGACAGAAACACAGACUAA"
"1144","CRLF2",64109,59958358,"CGAGAAGUGUUACUCUUUC"
"1145","CRLF2",64109,59958358,"AGGCUAUGGAGGAUGUAUA"
"1146","CRLF2",64109,59958358,"GAAAAUACCUGCAACGUCA"
"1147","CRLF2",64109,59958358,"GAUGGUGUCUCUCCUCCUU"
"1148","GREM2",64388,71164891,"GCAAGUACCUCAAGAGUGA"
"1149","GREM2",64388,71164891,"GCUGUGGUCUCUUGAUAUA"
"1150","GREM2",64388,71164891,"GGUCUUGGUUUCAUAAAUG"
"1151","GREM2",64388,71164891,"CAUGAGACCUGAGCAAGAA"
"1152","FNDC3B",64778,27477058,"CAUCAAAGCACCUCGAGUA"
"1153","FNDC3B",64778,27477058,"GGGAAGAGCCGUGCAAUAA"
"1154","FNDC3B",64778,27477058,"UCUCAUGGCUUUAGUGUCA"
"1155","FNDC3B",64778,27477058,"GAAACCACCUACCGGAUCA"
"1156","IL17E",64806,27477080,"GCAAAGGGCAGGACACCUC"
"1157","IL17E",64806,27477080,"UUCCUUAGCUUGUGUGUGU"
"1158","IL17E",64806,27477080,"GCGAGAAGGGCACCCACAA"
"1159","IL17E",64806,27477080,"UGGCAAUGGUCAUGGGAAC"
"1160","CABLES2",81928,54112398,"ACGGGAAGGUCGUGUCUUA"
"1161","CABLES2",81928,54112398,"CGAGAUGGUCUUUGAGCUA"
"1162","CABLES2",81928,54112398,"GCACAGAGAACCAAACACA"
"1163","CABLES2",81928,54112398,"UGACCACAGUGAUAGAAUA"
"1164","PARD6G",84552,40254990,"UCAUAAGCCUGGGAAGUUU"
"1165","PARD6G",84552,40254990,"GCAAGGCGGUUUCUAGUGC"
"1166","PARD6G",84552,40254990,"CACCAUAUCUCCAACAGUG"
"1167","PARD6G",84552,40254990,"GAACCGAAGUUUUCACAAG"
"1168","PARD6B",84612,82659099,"AGACAUCCAUGGAGACUUA"
"1169","PARD6B",84612,82659099,"GUACAGACACGCUAAUAAA"
"1170","PARD6B",84612,82659099,"UCAAAGUACAGGACUAUUA"
"1171","PARD6B",84612,82659099,"UAGGGUACGUCUUUACAAA"
"1172","IL1F10",84639,27894306,"AUGGCAAGAUACUACAUAA"
"1173","IL1F10",84639,27894306,"CCAGAAGGCUCUAUACACA"
"1174","IL1F10",84639,27894306,"GAACAUUGAGGAACUGUAC"
"1175","IL1F10",84639,27894306,"GUACAGCUCACCAAGGAGA"
"1176","NEK9",91754,31543285,"GGACUCAAUGAAUUCAAUA"
"1177","NEK9",91754,31543285,"GGAAUCCUUCAUAGAGAUA"
"1178","NEK9",91754,31543285,"AGACAAAGCCUCCUAUCGA"
"1179","NEK9",91754,31543285,"GUAGUAACAUCACGAACCA"
"1180","SCGB3A1",92304,50363225,"AUAGAGGGCUCCCAGAAGU"
"1181","SCGB3A1",92304,50363225,"UCUUAGUGGGCUCGGCCAA"
"1182","SCGB3A1",92304,50363225,"UCAAUAAACGUGGUUAAGA"
"1183","SCGB3A1",92304,50363225,"GAGCAUCUACACCUGAGGA"
"1184","CKLFSF7",112616,31657098,"CCUAUAAGAUCUCGUGUGU"
"1185","CKLFSF7",112616,31657098,"GAUAAUGAUCCUCGCCUUU"
"1186","CKLFSF7",112616,31657098,"GAAAGUGGCGCAAAUGGUC"
"1187","CKLFSF7",112616,31657098,"CAGCGCCUACAGCUACUUU"
"1188","IL17F",112744,57863305,"CACCAAGGCUGCUCUGUUU"
"1189","IL17F",112744,57863305,"GUAUGAAGCUUGACAUUGG"
"1190","IL17F",112744,57863305,"GCGUUUCCAUGUCACGUAA"
"1191","IL17F",112744,57863305,"GAAGACAUCUCCAUGAAUU"
"1192","CKLFSF5",116173,82546840,"UUGCAGAGCUCCAGGGCUU"
"1193","CKLFSF5",116173,82546840,"CGAAUUAACUGGCCCUGUC"
"1194","CKLFSF5",116173,82546840,"CUACUGGAGUUCUUCAUCA"
"1195","CKLFSF5",116173,82546840,"UAUGAUGCCUUCAAGAUCU"
"1196","ALS2CR19",117583,45505183,"GGUACUGAUUGCUGUGUUU"
"1197","ALS2CR19",117583,45505183,"CCGCAGAUCCUGUAGACUA"
"1198","ALS2CR19",117583,45505183,"UGAAUGGUGUACAGACAGA"
"1199","ALS2CR19",117583,45505183,"GGGAAAGUCCAACCACGAA"
"1200","CKLFSF3",123920,32130529,"UUAACGACGUGGCCAAAUU"
"1201","CKLFSF3",123920,32130529,"CAAGACAGAAGAAGAGAAU"
"1202","CKLFSF3",123920,32130529,"GCAACUGAUUUCUACCUGA"
"1203","CKLFSF3",123920,32130529,"GCCCUCAUCUACUUUGCUA"
"1204","FLJ40137",124817,27735056,"UAGGCUAUCUACACACUAA"
"1205","FLJ40137",124817,27735056,"CAAGUUUACUCUCCGUCUU"
"1206","FLJ40137",124817,27735056,"GGAGUUGUCGCCACAGAGA"
"1207","FLJ40137",124817,27735056,"CCUAGAAAGGUUUAUGGUA"
"1208","FAM3D",131177,38455417,"GUACAAGUGUGGCCUCAUC"
"1209","FAM3D",131177,38455417,"GCCAACUACUUUGCGUUUA"
"1210","FAM3D",131177,38455417,"CCAAGGAGAUCCAGGUUAA"
"1211","FAM3D",131177,38455417,"GAUCAUGAGUCCUGUGAAA"
"1212","CKLFSF4",146223,31343534,"CAAUCGUACUGGCUGCUUU"
"1213","CKLFSF4",146223,31343534,"ACUGGCGUCUUGCUGAUUA"
"1214","CKLFSF4",146223,31343534,"AGAAAUUGCUGCCGUGAUA"
"1215","CKLFSF4",146223,31343534,"AAACGUAACAGUAAGGAAA"
"1216","CKLFSF2",146225,31563435,"GUAAGGAGCCAUCGGACAA"
"1217","CKLFSF2",146225,31563435,"GAUCAAGAUUCGGAGUUUG"
"1218","CKLFSF2",146225,31563435,"GAAGUCGGCGAUCCAUGAA"
"1219","CKLFSF2",146225,31563435,"AUAAGGAGCCAUCGGACAA"
"1220","FLJ40432",151195,22749084,"GUGUAGAGCCGCUAUGAGA"
"1221","FLJ40432",151195,22749084,"CUAAAGCCAUCCUCUCUUA"
"1222","FLJ40432",151195,22749084,"GAGCUUCUUCAGUUUAAUA"
"1223","FLJ40432",151195,22749084,"GCAGACAGCAGCGUUGUUA"
"1224","CKLFSF8",152189,32130535,"GGUCAUGUUUGUAGCUGUA"
"1225","CKLFSF8",152189,32130535,"CUGCUGGUAUGGACGCUUA"
"1226","CKLFSF8",152189,32130535,"ACAAUGACCUACACCAGGA"
"1227","CKLFSF8",152189,32130535,"CCAGGACCAUACAGUGAUU"
"1228","SPRED1",161742,22749220,"CAGGAAAGGUUUAAUCAUG"
"1229","SPRED1",161742,22749220,"UAAGUUAAGUUCACCCAAA"
"1230","SPRED1",161742,22749220,"AGAAUAAACCCUCGAGAUA"
"1231","SPRED1",161742,22749220,"CGGCAAAUAUCCAAGGAAU"
"1232","DKFZP451J0118",200081,39725959,"CGAGGAGCAUAUCGACAAA"
"1233","DKFZP451J0118",200081,39725959,"GGACCUAUGUGGCAAGGAA"
"1234","DKFZP451J0118",200081,39725959,"GCAGCAAGCUUGAGAGCCU"
"1235","DKFZP451J0118",200081,39725959,"GAAGAGAUCCGGCAGAGUG"
"1236","SPRED2",200734,32401444,"GACCCUUGCUCGUGCGAUA"
"1237","SPRED2",200734,32401444,"GUAUUGGAAUGCUAUGUAA"
"1238","SPRED2",200734,32401444,"CAAAGCCAAUCCAACGUUU"
"1239","SPRED2",200734,32401444,"GAAAGGACUUGGUCUACAC"
"1240","IL28A",282616,26024320,"CGCGAGACCUGAAUUGUGU"
"1241","IL28A",282616,26024320,"GCAAGGGGCUGCCACAUAG"
"1242","IL28A",282616,26024320,"UCAAGUCCCUGUCUCCACA"
"1243","IL28A",282616,26024320,"UUUAAGAGGGCCAAAGAUG"
"1244","IL28B",282617,28144900,"CGCGAGACCUGAAUUGUGU"
"1245","IL28B",282617,28144900,"GCAAGGGGCUGCCACAUAG"
"1246","IL28B",282617,28144900,"UCAAGUCCCUGUCUCCACA"
"1247","IL28B",282617,28144900,"UUUAAGAGGGCCAAAGAUG"
"1248","IL29",282618,26024324,"UCAAAUAUGUGGCCGAUGG"
"1249","IL29",282618,26024324,"GAACGUCAACCCACCCUGA"
"1250","IL29",282618,26024324,"CCGUGGUGCUGGUGACUUU"
"1251","IL29",282618,26024324,"CCACAUUGGCAGGUUCAAA"
"1252","IFNE1",338376,54262143,"GCAGAGAAGCUAAGUGGUA"
"1253","IFNE1",338376,54262143,"UCCGAAGGAUCCAUGAUUA"
"1254","IFNE1",338376,54262143,"CGGAGAAAUUCCUCAUUCA"
"1255","IFNE1",338376,54262143,"GUAGAAAUCAGCCGAUGUC"
"1256","CCL4L2",388372,48949836,"GCAACUUUGUGGUAGAUUA"
"1257","CCL4L2",388372,48949836,"GUACGUGUAUGACCUGGAA"
"1258","CCL4L2",388372,48949836,"GCAAGCAAGUCUGCGCUGA"
"1259","CCL4L2",388372,48949836,"GCGUGACUGUCCUGUCUCU"
"1260","GDF6",392255,48475061,"GCAAUAAUGUGGUCUACAA"
"1261","GDF6",392255,48475061,"CAAGUCGGCUAAUACGAUC"
"1262","GDF6",392255,48475061,"CAAAUUGACUCCCAUCAGC"
"1263","GDF6",392255,48475061,"CUACAGGACUUACUCCAUC"
"1264","TNFSF12-TNFSF13",407977,47519573,"GGGCAAGGGCGAAACUUAA"
"1265","TNFSF12-TNFSF13",407977,47519573,"GCAGGUGUCUUCCAUUUAC"
"1266","TNFSF12-TNFSF13",407977,47519573,"UGACAGAGGUGAUGUGGCA"
"1267","TNFSF12-TNFSF13",407977,47519573,"GGAGUUUAUCUGCUGUAUA"
"1268","CCL3L3",414062,48949908,"UUUCAUAGCUGACUACUUU"
"1269","CCL3L3",414062,48949908,"GGUCCUCUCUGCACCACUU"
"1270","CCL3L3",414062,48949908,"CUACACCUCCCGACAGAUU"
"1271","CCL3L3",414062,48949908,"GUGAGGAGUGGGUCCAGAA"
"1272","CECR2",27443,89058413,"GCAGAUAAGUGGCCCAAGU"
"1273","CECR2",27443,89058413,"GCGGACAACUGUAAAGCAA"
"1274","CECR2",27443,89058413,"CCACAAGGAAUGAGGUAUU"
"1275","CECR2",27443,89058413,"CGAAUUCAGCUGCCCAUUA"
"1276","CSH1",1442,20819966,"ACACAAACUCGCACAACCA"
"1277","CSH1",1442,20819966,"GUCCAAACCGUUCCGUUAU"
"1278","CSH1",1442,20819966,"UGACCACGCUAUGCUCCAA"
"1279","CSH1",1442,20819966,"CGCACCAGCUGGCCAUUGA"
